OverallQual,GrLivArea,GarageCars,GarageArea,TotalBsmtSF
0.15834964216755668,1.6092656484829237,1.3800927753255694,-1.7291524177323483,-1.4571781256320453
0.5086807089099388,-0.9575166104459611,-0.009029293447021773,-0.7164280847217692,-1.2062457487006428
-1.2429746248019717,-1.6664651723143251,-0.009029293447021773,1.3605150389100964,0.4950297242562973
1.559673909137085,1.3596769082087188,-0.009029293447021773,0.871317691608376,1.2317119317613323
0.5086807089099388,1.1848676737754236,-0.7035903278333173,1.311881384499984,-1.4986164998042035
-1.2429746248019717,-0.5816767564143763,-0.7035903278333173,-1.1484093680115925,1.5448018699509722
1.559673909137085,-0.07861462621189348,-1.398151362219613,-0.2844468014319459,-0.36366547386675907
-1.5933056915443538,-0.9283817380404119,1.3800927753255694,-1.7119875985287791,-0.520210442961579
-0.5423124913172075,0.2195322347382267,0.6855317409392738,-1.6633539441186667,1.5355933423571593
-0.8926435580595896,1.648112145023656,1.3800927753255694,1.1202075700601286,-0.7573300285022622
1.559673909137085,1.442225713357775,0.6855317409392738,0.7082519091744692,1.0084051376113685
0.15834964216755668,0.19039736233267748,-1.398151362219613,0.7568855635845818,-0.529418970555392
-0.8926435580595896,1.3451094720059442,-0.7035903278333173,-1.334361576050258,-0.05748193137247892
-1.5933056915443538,-1.1585472300442505,-0.009029293447021773,1.3547934325089068,1.3422142628870875
0.8590117756523209,0.05152113719955963,-0.7035903278333173,0.7511639571833921,-0.9438027122769741
-0.8926435580595896,-1.3139332162071797,0.6855317409392738,-0.6449080047068978,-0.6790575439548522
-0.1919814245748254,0.1321276175215791,-0.009029293447021773,-0.20148350861469505,1.1741586343000014
1.209342842394703,-0.9788821835433639,1.3800927753255694,-0.16143226380636708,-1.7058083706649947
0.15834964216755668,-0.05627789070097242,-1.398151362219613,1.472086363733296,-0.6192021145950681
0.5086807089099388,-1.0546328517977919,-0.009029293447021773,1.3805406613142603,-1.5308463463825488
0.8590117756523209,-0.041710454498197824,-1.398151362219613,0.6281494195578132,0.8426516409227357
-0.1919814245748254,1.3023783258111388,1.3800927753255694,-0.9224059151645988,0.25560800681716095
-0.5423124913172075,-0.8681696684022768,-0.009029293447021773,0.5880981747494852,0.8449537728211889
-0.1919814245748254,-0.9817956707839187,-0.7035903278333173,0.831266446800048,-1.569982588656254
-0.5423124913172075,-0.7399762298178604,-0.7035903278333173,-0.4875638286741807,1.3422142628870875
0.8590117756523209,-1.2080765131336841,-0.7035903278333173,-1.514592177687734,0.7321493097969805
0.5086807089099388,-1.540214058556945,-0.7035903278333173,0.8427096596024275,-1.7035062387665414
-1.2429746248019717,1.55973636539349,-0.009029293447021773,1.6265697365654181,-0.9207813932924418
-0.1919814245748254,0.23604199576803792,-1.398151362219613,1.2804125492934404,-0.12194162452916948
-0.1919814245748254,1.1965216227376434,1.3800927753255694,-0.1328242318004185,-0.11733736073226302
0.15834964216755668,0.9653849683202863,1.3800927753255694,-1.5889730609032002,0.7160343865078078
-0.8926435580595896,-0.5282628236708695,-0.7035903278333173,1.549328050149357,-1.3236544755217579
-0.5423124913172075,-1.5732335806165676,-0.009029293447021773,0.1275088594537134,-1.6919955792742754
0.5086807089099388,-0.07375881414430195,-0.7035903278333173,0.2676882162828614,1.1649501067061885
0.8590117756523209,1.5383707922960872,1.3800927753255694,0.22191536507334367,0.16352273087903157
1.559673909137085,-1.013844030430023,-1.398151362219613,-1.7005443857263998,-0.0689925908647451
-0.5423124913172075,1.2955801889165106,-1.398151362219613,-0.5161718606801292,0.5733022088037073
-0.5423124913172075,0.3467545109091249,0.6855317409392738,-1.7377348273341329,-1.3282587393186642
-0.8926435580595896,-0.4486275057623684,-0.7035903278333173,-1.3658304112568016,-0.9691261631599597
0.8590117756523209,0.1068773947701031,-1.398151362219613,1.2260572884821381,-1.238475595278988
-1.2429746248019717,-1.6353879750817393,-0.7035903278333173,-0.09277298699209052,-0.2531631427410038
0.5086807089099388,0.6643246201296112,0.6855317409392738,-1.4287680816698884,-0.29920578071006854
-1.5933056915443538,-0.5943018677901144,0.6855317409392738,0.3477907058995173,-0.8425089087450318
-1.2429746248019717,-0.9817956707839187,-0.7035903278333173,0.44791881792033733,-1.0957434175748877
1.209342842394703,-0.7205529815474943,-0.7035903278333173,1.5235808213440032,-0.6053893232043487
1.209342842394703,0.5827469773940734,-1.398151362219613,1.4978335925386494,0.25560800681716095
-1.5933056915443538,-0.9244970883863387,1.3800927753255694,-0.25869957262659216,0.08755237823007483
-0.5423124913172075,1.0207412258908297,-0.009029293447021773,0.3849811475072505,1.6645127286705403
0.5086807089099388,-0.0689030020767104,1.3800927753255694,-0.89951948955984,1.2869630973242099
-1.2429746248019717,-0.8487464201319107,1.3800927753255694,-0.1785970830099362,0.46279987767795205
0.8590117756523209,-0.5438014222871624,1.3800927753255694,-1.7205700081305637,-0.8194875897604995
1.559673909137085,0.27003268024117866,-0.009029293447021773,-0.9538747503711422,0.09676090582388777
0.8590117756523209,0.9653849683202863,1.3800927753255694,0.5022740787316395,1.3007758887149294
-1.5933056915443538,0.632276260483507,-1.398151362219613,1.5121376085416238,0.7804940796644984
0.8590117756523209,-0.7467743667124885,1.3800927753255694,-0.9595963567723319,1.2938694930195695
-0.1919814245748254,-0.5807055940008581,-0.7035903278333173,0.9657241972280063,-0.3268313634915073
1.209342842394703,1.4082350288846341,0.6855317409392738,0.07887520504360086,-0.7251001819239169
1.209342842394703,0.17388760130286626,1.3800927753255694,0.7168343187762538,1.5655210570370512
-0.5423124913172075,-1.511079186151396,-0.7035903278333173,0.8484312660036172,-0.22783969185801828
0.15834964216755668,-0.1359132086094736,1.3800927753255694,0.43933640831855275,0.06453105924554249
-0.5423124913172075,0.9809235669365792,1.3800927753255694,-1.3686912144573964,0.7643791563753257
1.559673909137085,-0.8584580442670938,1.3800927753255694,-1.3143359536460941,1.2340140636597856
-0.1919814245748254,-1.4042513206643823,-0.009029293447021773,-0.1471282478033928,-0.2163290323657521
0.8590117756523209,0.27585965472228846,-1.398151362219613,-0.5476406958866726,1.6368871458891014
0.5086807089099388,-0.5059260881599484,-0.7035903278333173,1.4406175285267524,1.0774690945649656
0.15834964216755668,-0.8837082670185697,0.6855317409392738,-1.5288961936907084,-1.6873913154773688
-0.5423124913172075,-1.453780603753816,1.3800927753255694,1.0544090964464468,1.5747295846308642
-0.8926435580595896,-1.3032504296584784,-1.398151362219613,1.2403613044851125,0.1796376541682042
0.8590117756523209,1.4655336112822142,-0.009029293447021773,-1.0454204527901776,-1.1348796598485926
1.209342842394703,-0.5505995591817906,-0.7035903278333173,-0.46467740306942185,-0.745819369009996
-0.8926435580595896,-0.9817956707839187,-0.7035903278333173,-0.009809694174839687,0.6768981442341029
-1.5933056915443538,-0.3155782551103603,0.6855317409392738,-0.1471282478033928,0.9485497082515845
-0.8926435580595896,-0.20389457755575505,0.6855317409392738,0.4364756051179579,0.6331576381634914
1.559673909137085,-1.5664354437219394,1.3800927753255694,0.513717291534019,0.6515746933511173
-1.5933056915443538,-1.2556634713960813,1.3800927753255694,0.5194388979352087,0.013884157479571339
0.5086807089099388,0.44192842743391897,0.6855317409392738,-1.0540028623919622,0.6239491105696784
0.8590117756523209,1.3295708733896514,-1.398151362219613,0.6109846003542441,-0.7987684026744204
1.559673909137085,0.6672381073701661,-0.009029293447021773,0.7597463667851766,-1.3443736626078369
-0.1919814245748254,0.7905757338869911,-0.7035903278333173,-1.7091267953281843,-0.4856784644847805
-0.8926435580595896,0.8954612745469682,0.6855317409392738,-0.37599250385098126,-1.7357360853448867
-1.5933056915443538,0.5273907198235299,-0.009029293447021773,-0.9996476015806599,0.4466849543887794
0.5086807089099388,-0.0523932410468992,0.6855317409392738,0.10462243384895456,-0.3705718695621188
0.5086807089099388,0.5827469773940734,1.3800927753255694,-1.3286399696490685,-1.5285442144840957
-0.8926435580595896,0.048607649959004705,-1.398151362219613,-0.8423034255479429,1.5977509036153965
0.5086807089099388,0.38171635779578394,-0.7035903278333173,-0.9739003727753063,-0.8333003811512188
-1.2429746248019717,-0.45931029231106973,-1.398151362219613,1.5121376085416238,0.19345044555892363
0.5086807089099388,1.2382816065189304,1.3800927753255694,-1.3515263952538272,0.5848128682959735
1.209342842394703,-0.9944207821596568,-0.009029293447021773,-1.2885887248407404,0.06913532304244896
-0.5423124913172075,-1.282856018974594,-0.009029293447021773,1.0629915060482313,0.7229407822031675
-0.5423124913172075,0.24089780783562945,-1.398151362219613,-0.009809694174839687,-1.1763180340207509
1.559673909137085,1.2664453165109615,-0.7035903278333173,-0.89951948955984,-1.2983310246387723
0.8590117756523209,-0.9817956707839187,-0.7035903278333173,-0.5762487278926213,-1.43185467474906
-0.8926435580595896,1.683073991910315,-0.7035903278333173,0.23049777467512825,1.524082682864893
-0.5423124913172075,1.3858982933737132,1.3800927753255694,1.2661085332904662,0.2256802921372689
1.559673909137085,-0.7739669142910012,-0.7035903278333173,-1.2313726608288433,-0.46265714550024817
-0.5423124913172075,-0.17087505549613263,0.6855317409392738,-0.8279994095449685,-0.14035867971679536
0.5086807089099388,-0.9167277890781922,1.3800927753255694,1.1831452404732155,0.9577582358453974
0.5086807089099388,0.9343077710877005,-0.009029293447021773,1.0915995380541799,-0.46726140929715465
-1.2429746248019717,-1.023555654565206,1.3800927753255694,1.4806687733350805,-1.5837953800469733
0.15834964216755668,0.6283916108294338,1.3800927753255694,-1.7034051889269946,-0.9967517459413985
-1.2429746248019717,-1.5975126409545253,0.6855317409392738,0.9285337556202732,1.3836526370592457
-0.8926435580595896,-0.5564265336629004,-0.009029293447021773,1.3404894165059325,-1.2085478805990961
-0.1919814245748254,-0.36704986302683057,-0.009029293447021773,-1.4287680816698884,1.551708265646332
1.559673909137085,0.34384102366856995,0.6855317409392738,-0.37885330705157616,0.9646646315407571
-1.5933056915443538,-1.6897730702387643,1.3800927753255694,-1.614720289708554,0.9853838186268362
0.5086807089099388,-0.30683779338869555,-1.398151362219613,0.41072837631260417,0.0852502463316216
0.5086807089099388,-0.5476860719412356,1.3800927753255694,0.633871025959003,0.08294811443316837
0.5086807089099388,-1.115816083849445,0.6855317409392738,-1.0768892879967211,0.718336518406261
-1.5933056915443538,-0.027143018295423222,-0.009029293447021773,-0.5962743502967852,-0.9921474821444921
1.209342842394703,0.6866613556405322,1.3800927753255694,1.0057754420363343,-1.2062457487006428
1.559673909137085,-1.3314141396505093,0.6855317409392738,1.529302427745193,-1.079628494285715
0.15834964216755668,-1.4819443137458468,-0.009029293447021773,1.3347678101047427,-1.2338713314820817
-0.1919814245748254,-0.3816172992296052,-0.7035903278333173,-1.2142078416252742,0.3707146017398227
-0.5423124913172075,-0.5496283967682722,1.3800927753255694,-1.1255229424068336,-0.34755055057758644
0.5086807089099388,-1.0352096035274256,-0.009029293447021773,0.6167062067554339,0.904809202180973
-1.5933056915443538,0.5914874391157382,-1.398151362219613,-1.4745409328794061,0.19805470935583008
0.15834964216755668,-0.38938659853775165,-0.7035903278333173,1.0544090964464468,1.385954768957699
-0.1919814245748254,1.1411653651670999,-0.009029293447021773,-0.08132977418971109,1.227107667964426
1.209342842394703,-1.463492227888999,-0.009029293447021773,-1.6204418961097438,1.5309890785602527
0.8590117756523209,-0.16407691860150447,-0.009029293447021773,0.5165780947346139,-0.6790575439548522
0.15834964216755668,-1.5042810492567678,1.3800927753255694,0.413589179513199,1.05214564368198
0.15834964216755668,-0.1388266958500285,-0.009029293447021773,0.5566293395429418,0.14970993948831215
1.209342842394703,1.3227727364950232,1.3800927753255694,-1.6576323377174769,1.091281885955685
1.559673909137085,1.3266573861490965,-1.398151362219613,-0.9739003727753063,0.5502808898191749
-0.1919814245748254,-0.9215836011457837,-0.009029293447021773,-0.3874357166533607,-1.5308463463825488
-0.1919814245748254,-1.5829452047517507,-0.7035903278333173,-0.08991218379149567,0.4006423164197147
0.15834964216755668,0.2855712788574716,-1.398151362219613,1.0429658836440674,-0.9829389545506791
-0.1919814245748254,-0.7341492553367506,0.6855317409392738,-0.05558254538435738,-0.4442400903126223
0.15834964216755668,0.9304231214336273,-0.7035903278333173,0.5966805843512698,1.5309890785602527
0.8590117756523209,1.3363690102842796,-0.7035903278333173,-1.3715520176579912,-1.443365334241326
-0.1919814245748254,0.8702110517954922,0.6855317409392738,1.4034270869190193,-1.6505572051021171
-0.5423124913172075,-0.9332375501080035,0.6855317409392738,-0.10135539659387509,1.563218925138598
-1.5933056915443538,-0.5739074571062299,-0.7035903278333173,0.027380747432893444,0.05992679544863603
1.209342842394703,0.40405309330670497,-0.7035903278333173,-0.34738447184503274,1.3836526370592457
0.5086807089099388,-1.581002879924714,1.3800927753255694,0.9886106228327651,0.5871150001944266
1.209342842394703,-1.159518392457769,0.6855317409392738,0.06743199224122143,0.0023734979873051673
0.5086807089099388,-0.5573976960764188,-0.009029293447021773,-1.2285118576282485,0.004675629885758402
-0.5423124913172075,-0.7574571532611899,1.3800927753255694,1.3834014645148554,0.5180510432408296
-0.5423124913172075,0.2865424412709899,-1.398151362219613,-0.7421753135271228,1.1166053368386706
-0.1919814245748254,0.9653849683202863,1.3800927753255694,0.32204347709416364,-0.8632280958311109
-1.2429746248019717,-0.8390347959967277,-1.398151362219613,1.4778079701344855,-1.1325775279501393
-1.2429746248019717,1.344138309592426,-1.398151362219613,1.3032989748981993,-0.637619169782694
0.15834964216755668,-0.06404719000911888,-0.7035903278333173,-1.614720289708554,-0.4603550136017949
0.8590117756523209,0.9100287107497428,-0.7035903278333173,1.6837858005773152,0.14050141189449922
-0.5423124913172075,1.2159448710080094,1.3800927753255694,-1.0225340271854189,1.0935840178541383
-0.8926435580595896,1.13533839068599,0.6855317409392738,-0.25869957262659216,-0.20021410907657947
-0.5423124913172075,0.4778614367340963,-0.009029293447021773,0.6825046803691155,0.9715710272361169
-0.1919814245748254,-1.0944505107520424,-0.009029293447021773,0.6024021907524596,-1.4272504109521533
1.559673909137085,-0.900218028048381,1.3800927753255694,0.11320484345073913,-1.6873913154773688
0.8590117756523209,1.0702705089802633,1.3800927753255694,-1.574669044900226,-0.8908536786125497
-0.8926435580595896,1.062501209672117,0.6855317409392738,-0.8165561967425892,-1.689693447375822
0.15834964216755668,1.1693290751591308,-1.398151362219613,1.5121376085416238,-0.8816451510187369
-1.2429746248019717,-1.008017055948913,-0.009029293447021773,-0.03841772618078825,0.2786293258016933
-0.1919814245748254,0.999375652793427,-0.009029293447021773,0.8226840371982634,0.036905476464103686
-1.2429746248019717,-0.3971558978458981,-1.398151362219613,-0.2529779662254025,-0.34294628678068
0.15834964216755668,-0.08444160069300333,0.6855317409392738,0.971445803629196,1.3790483732623393
0.15834964216755668,1.214002546180973,-1.398151362219613,0.8226840371982634,-1.6919955792742754
0.8590117756523209,1.1770983744672772,-1.398151362219613,-1.1798782032181359,-1.0750242304888085
-0.1919814245748254,-1.457665253407889,-0.7035903278333173,-1.257119889634197,0.9715710272361169
-0.8926435580595896,1.6112079733099602,-0.009029293447021773,1.3319070069041479,-0.47186567309406113
1.559673909137085,1.4606777992146227,-1.398151362219613,-1.4259072784692934,1.6092615631076628
0.5086807089099388,-1.279942531734039,-0.009029293447021773,-0.6677944303116566,-0.2531631427410038
-0.8926435580595896,0.5225349077559384,0.6855317409392738,-0.15571065740517737,0.6170427148743187
-0.1919814245748254,1.6937567784590164,-1.398151362219613,1.529302427745193,1.6391892777875547
0.15834964216755668,0.8235952559466135,-0.009029293447021773,-0.301611620635515,-1.3121438160294916
-0.8926435580595896,-0.5739074571062299,1.3800927753255694,0.6996694995726846,0.4996339880532038
-1.2429746248019717,0.18359922543804935,-1.398151362219613,-1.4173248688675089,-0.6192021145950681
-1.2429746248019717,-0.3787038119890503,1.3800927753255694,0.004494321828134595,-0.3613633419683059
-0.1919814245748254,-1.1051332973007437,0.6855317409392738,-0.07560816778852138,1.3445163947855407
-0.1919814245748254,-0.87788129253746,0.6855317409392738,-0.11279860939625451,0.05992679544863603
1.209342842394703,1.0760974834613732,-1.398151362219613,-1.7377348273341329,1.4826443086927348
-0.1919814245748254,-1.4392131675510413,1.3800927753255694,-0.8680506543532965,-0.412010243734277
0.5086807089099388,0.19816666164082394,0.6855317409392738,1.0486874900452572,0.36380820604446296
1.559673909137085,-0.7496878539530435,-0.7035903278333173,0.030241550633488302,0.5157489113423764
0.5086807089099388,0.1777722509569395,0.6855317409392738,1.6580385717719615,-1.590701775742333
-1.2429746248019717,0.4195916919229979,-0.009029293447021773,0.4221715891149836,-0.3521548143744929
-0.5423124913172075,-1.2692597451853376,-0.7035903278333173,0.8942041172131349,1.3007758887149294
0.8590117756523209,-0.4428005312812585,-0.009029293447021773,0.513717291534019,-1.187828693513017
0.15834964216755668,-0.4408582064542219,1.3800927753255694,-0.4789814190723961,0.5433744941238152
1.209342842394703,-0.15242296963928478,1.3800927753255694,0.3449299026989225,1.5609167932401449
-0.1919814245748254,-0.30489546856165894,1.3800927753255694,0.43075399871676817,0.49042546045939084
0.15834964216755668,-0.26022199753981684,-1.398151362219613,-0.8108345903413995,1.3145886801056488
0.5086807089099388,-0.7069567077582379,-0.009029293447021773,-0.45609499346763727,1.277754569730397
-1.2429746248019717,-0.8370924711696911,-1.398151362219613,-0.9595963567723319,0.3799231293336356
-0.8926435580595896,-1.5071945364973227,-1.398151362219613,0.6224278131566235,0.4259657673027003
1.209342842394703,-1.3731741234317965,-0.009029293447021773,0.1475344818578774,-1.4917101041088439
1.559673909137085,0.8245664183601318,-1.398151362219613,0.19330733306739512,1.2340140636597856
0.5086807089099388,1.6558814443318024,-1.398151362219613,-0.9052410959610296,1.6829297838581663
-0.8926435580595896,0.552640942575006,-0.009029293447021773,1.4835295765356753,0.6607832209449301
0.8590117756523209,-1.0254979793922425,1.3800927753255694,-0.18145788621053105,-1.1049519451687007
1.559673909137085,-1.289654155869222,-1.398151362219613,-0.08991218379149567,-1.3973226962722614
0.5086807089099388,-0.5379744478060525,1.3800927753255694,-1.357248001655017,1.4112782198406846
-1.5933056915443538,0.6313050980699888,1.3800927753255694,-0.0613041517855471,-1.6735785240866494
1.559673909137085,1.4733029105903608,1.3800927753255694,-1.0711676815955313,0.6699917485387431
0.15834964216755668,-0.14174018309058342,-0.009029293447021773,1.4978335925386494,-0.23704821945183122
-1.2429746248019717,-0.096095549655223,-1.398151362219613,0.11034404025014427,-1.079628494285715
1.559673909137085,1.4529084999064763,-0.009029293447021773,1.1659804212696463,0.9600603677438506
0.5086807089099388,0.06608857340233422,-0.009029293447021773,-0.08419057739030594,-0.22783969185801828
-1.5933056915443538,-0.7661976149828547,0.6855317409392738,-1.1112189264038594,-1.5009186317026568
-1.2429746248019717,0.12241599338639601,-0.7035903278333173,0.7654679731863664,0.6354597700619447
-0.1919814245748254,-0.26119315995333514,1.3800927753255694,-0.9281275215657886,0.8426516409227357
1.209342842394703,-1.1362104945333296,-0.009029293447021773,-1.5060097680859494,0.6515746933511173
0.8590117756523209,-1.2022495386525744,0.6855317409392738,0.8198232339976687,1.1810650299953611
1.559673909137085,1.2615895044433698,-0.009029293447021773,1.2432221076857073,-0.676755412056399
0.5086807089099388,1.2664453165109615,0.6855317409392738,1.2832733524940354,-0.598482927508989
-1.2429746248019717,0.8469031538710529,-1.398151362219613,-0.7021240687187948,0.16122059898057833
-1.2429746248019717,-1.558666144413793,-0.7035903278333173,-1.139826958409808,-1.1164626046609667
-0.8926435580595896,-1.337241114131619,1.3800927753255694,1.1631196180690513,-0.2692780660301765
0.15834964216755668,1.4189178154333355,0.6855317409392738,1.008636245236929,1.13041812822939
1.209342842394703,-0.498156788851802,-1.398151362219613,1.369097448511881,1.551708265646332
-0.8926435580595896,-1.5392428961434268,-0.009029293447021773,0.14467367865728256,1.2915673611211165
0.15834964216755668,1.6869586415643882,-0.7035903278333173,0.3077394610911894,0.6768981442341029
-1.2429746248019717,0.25740756886544064,1.3800927753255694,0.5594901427435367,1.3260993395979148
1.209342842394703,0.8954612745469682,0.6855317409392738,-0.2730035886295665,0.8679750918057213
0.8590117756523209,0.3525814853902347,0.6855317409392738,-1.5632258320978467,-0.036762744286399814
1.209342842394703,-1.2838271813881121,-1.398151362219613,1.0944603412547749,-0.10812883313845008
-1.2429746248019717,-1.2352690607121968,-0.7035903278333173,0.45650122752212186,-1.226964935786722
1.209342842394703,1.6879298039779065,-0.7035903278333173,1.191727650075,-0.755027896603809
-1.5933056915443538,-1.495540587535103,0.6855317409392738,1.0401050804434726,0.35459967845065005
-1.2429746248019717,-0.01937371898727677,-0.7035903278333173,-0.8766330639550811,-1.3558843221001031
0.5086807089099388,-0.15048064481224818,-1.398151362219613,-1.7091267953281843,-1.542357005874815
0.15834964216755668,0.18068573819749442,-0.009029293447021773,-0.15571065740517737,-1.443365334241326
0.8590117756523209,-1.169230016592952,1.3800927753255694,1.0687131124494211,-1.0934412856764344
-0.5423124913172075,0.8478743162845712,-1.398151362219613,1.4377567253261576,-0.26697593413172327
-0.5423124913172075,-1.3314141396505093,0.6855317409392738,0.8655960852071863,1.6092615631076628
-0.5423124913172075,0.5963432511833298,-1.398151362219613,0.8169624307970738,-1.3098416841310383
-0.1919814245748254,0.12727180545398756,-0.009029293447021773,-0.8766330639550811,1.5378954742556126
0.5086807089099388,-1.2818848565610756,0.6855317409392738,0.21047215227096425,-0.02755421669258688
0.15834964216755668,-1.0954216731655606,1.3800927753255694,1.4520607413291318,1.210992744675253
-0.1919814245748254,1.4286294395685186,0.6855317409392738,-1.2285118576282485,-1.5630761929608943
1.559673909137085,-0.4408582064542219,-0.009029293447021773,1.168841224470241,-1.3673949815923692
-0.1919814245748254,-0.9419780118296682,-0.009029293447021773,-0.1986227054141002,-0.3567590781713994
-0.1919814245748254,-0.1252304220607722,0.6855317409392738,-0.43606937106347327,0.016186289378024573
0.5086807089099388,-1.242067197606825,-0.7035903278333173,1.2231964852815433,1.1258138644324835
0.5086807089099388,-1.2304132486446053,-0.7035903278333173,0.5165780947346139,0.8909964107902536
1.559673909137085,1.2897532144354007,-0.009029293447021773,-1.1140797296044542,0.6308555062650382
0.5086807089099388,-1.2731443948394108,-1.398151362219613,-0.6820984463146309,-1.7587574043294192
-1.2429746248019717,-0.18932714135298045,-1.398151362219613,-0.6849592495152258,-0.4787720687894208
0.5086807089099388,1.6927856160454982,-0.7035903278333173,1.4320351189249678,-1.6965998430711817
1.209342842394703,0.08939647132677359,-0.009029293447021773,-0.1070770029950648,1.042937116088167
1.209342842394703,0.6847190308134956,-1.398151362219613,1.2060316660779742,-0.3107164402023347
-1.5933056915443538,-0.9176989514917105,-1.398151362219613,-0.49328543507537037,1.623074354498382
0.15834964216755668,0.7284213394218194,-0.009029293447021773,-0.581970334293811,-1.6620678645943832
-1.2429746248019717,1.0926072444911845,0.6855317409392738,-0.5991351534973801,0.5180510432408296
1.559673909137085,-1.058517501451865,-0.009029293447021773,-0.9052410959610296,0.47200840527176496
0.5086807089099388,0.25449408162488574,1.3800927753255694,0.3163218706929739,1.2639417783396776
0.5086807089099388,-0.2903280323588844,0.6855317409392738,1.208892469278569,0.6469704295542108
1.559673909137085,-0.678792997766207,1.3800927753255694,1.5750752789547107,-1.3305608712171175
1.209342842394703,-0.7069567077582379,-0.7035903278333173,-0.3874357166533607,-1.590701775742333
0.15834964216755668,0.35743729745782626,1.3800927753255694,0.37067713150427617,1.0314264565959008
-1.2429746248019717,-1.0934793483385241,-1.398151362219613,-0.4103221422581196,-1.521637818788736
-0.1919814245748254,-1.4401843299645596,0.6855317409392738,0.553768536342347,-1.0473986477073698
0.5086807089099388,-1.0915370235114874,0.6855317409392738,0.5022740787316395,0.5756043407021605
0.5086807089099388,1.604409836415332,-1.398151362219613,-0.8651898511527017,-0.4580528817033417
-1.2429746248019717,1.4218313026738905,-0.7035903278333173,-0.9882043887782805,-1.6758806559851027
0.8590117756523209,1.2538202051352234,1.3800927753255694,-1.6690755505198562,-0.10812883313845008
1.209342842394703,0.9702407803878779,-0.7035903278333173,1.5207200181434084,-0.9737304269568662
1.209342842394703,1.0877514324235928,-0.009029293447021773,1.6122657205624438,-0.8816451510187369
0.15834964216755668,-0.43017541990552055,0.6855317409392738,-0.8251386063443737,0.14050141189449922
1.559673909137085,0.8585571028332726,-1.398151362219613,0.5795157651477006,-0.19330771338121974
-0.8926435580595896,-0.30101081890758574,-0.009029293447021773,0.9228121492190835,-0.09892030554463714
-0.8926435580595896,1.5655633398745998,-0.009029293447021773,-1.217068644825869,0.9232262573685989
-0.5423124913172075,1.2441085810000403,-1.398151362219613,-1.614720289708554,0.22107602834036244
-0.5423124913172075,1.1586462886104294,-0.009029293447021773,-0.3902965198539556,0.6515746933511173
0.5086807089099388,0.4380437777798457,-0.009029293447021773,1.646595358969582,-1.04049225201201
0.5086807089099388,-0.10774949861744268,0.6855317409392738,0.5423253235399675,-1.0612114390980891
-1.2429746248019717,0.5205925829289018,1.3800927753255694,1.168841224470241,0.8679750918057213
-0.8926435580595896,0.7400752883840391,1.3800927753255694,-0.2758643918301613,0.983081686728383
0.5086807089099388,0.9236249845389991,0.6855317409392738,-0.8623290479521069,-1.3904163005769017
-1.2429746248019717,0.3671489215930093,-1.398151362219613,-0.44465178066525785,-0.5547424214383776
1.559673909137085,0.4225051791635528,0.6855317409392738,1.268969336491061,0.5548851536160814
-1.2429746248019717,-1.6120800771572998,-1.398151362219613,-0.006948890974244831,-0.784955611283701
-0.5423124913172075,-0.5535130464223454,-0.009029293447021773,0.453640424321527,0.20265897315273657
1.559673909137085,0.3049945271278377,1.3800927753255694,-1.254259086433602,1.5908445079200368
1.559673909137085,0.12921413028102416,-1.398151362219613,0.5394645203393728,-0.8816451510187369
-1.5933056915443538,-0.8186403853128432,-0.009029293447021773,1.008636245236929,1.0383328522912607
0.8590117756523209,1.4849568595525804,1.3800927753255694,-1.2885887248407404,-0.12884802022452918
0.5086807089099388,0.03501137616974841,-1.398151362219613,-1.1541309744127821,-0.7803513474867945
0.5086807089099388,-1.010930543189468,-1.398151362219613,-1.6719363537204512,-1.0566071753011825
-0.1919814245748254,-0.7574571532611899,1.3800927753255694,0.1217872530525237,-1.2315691995836284
1.209342842394703,-0.10192252413633285,-1.398151362219613,-0.6849592495152258,-1.6712763921881961
0.5086807089099388,-0.15727878170687634,1.3800927753255694,-1.257119889634197,0.11287582911306042
0.15834964216755668,-1.453780603753816,0.6855317409392738,1.6837858005773152,0.5594894174129879
1.209342842394703,-1.1517490931496224,-0.7035903278333173,1.6637601781731512,0.6055320553820526
0.8590117756523209,-0.4554256426569965,-1.398151362219613,-1.2742847088377662,0.9577582358453974
-0.8926435580595896,0.8129124693979122,1.3800927753255694,-0.6735160367128463,-1.5584719291639877
-1.2429746248019717,-0.39327124819182485,-0.009029293447021773,1.6694817845743408,-0.755027896603809
-1.5933056915443538,-0.7827073760126659,1.3800927753255694,-0.5648055150902418,0.7781919477660452
1.209342842394703,-0.995391944573175,-0.7035903278333173,-0.3244980462402739,-0.1817970538889536
0.5086807089099388,-1.0420077404220538,0.6855317409392738,0.4879700627286653,-0.4350315627188094
1.209342842394703,-0.2864433827048111,-0.7035903278333173,-0.5047286478777498,0.05992679544863603
1.559673909137085,0.8274799056006867,-0.7035903278333173,0.050267173037652296,0.3476932827552903
1.559673909137085,1.4509661750794396,0.6855317409392738,1.6265697365654181,0.35459967845065005
-1.2429746248019717,1.461648961628141,-0.009029293447021773,-0.8823546703562708,0.3914337888259018
1.209342842394703,0.9197403348849259,-0.009029293447021773,0.9857498196321702,-0.3751761333590253
-1.2429746248019717,-0.3825884616431235,-1.398151362219613,1.1659804212696463,0.057624663550182795
-0.1919814245748254,-0.2932415195994393,1.3800927753255694,1.0458266868446622,0.45589348198259233
0.15834964216755668,0.35743729745782626,-1.398151362219613,-1.2456766768318175,-0.4994912558754999
0.8590117756523209,0.06705973581585253,1.3800927753255694,-1.2285118576282485,-1.1809222978176572
0.8590117756523209,1.5645921774610816,1.3800927753255694,1.2432221076857073,0.4052465802166212
-0.1919814245748254,0.7536715621732955,-0.009029293447021773,-1.4316288848704832,0.11517796101151365
0.5086807089099388,-0.6545139374282494,0.6855317409392738,0.41931078591438875,0.2970463809893192
0.5086807089099388,1.5811019384908929,-1.398151362219613,-0.7278712975241486,-1.6045145671330523
-0.5423124913172075,-0.5797344315873397,-0.009029293447021773,0.6739222707673309,0.8104217943443904
0.15834964216755668,0.44581307708799217,-1.398151362219613,-0.8623290479521069,1.2823588335273035
-1.5933056915443538,1.110088167934514,-0.7035903278333173,-0.8852154735568657,-0.2163290323657521
0.5086807089099388,-1.3304429772369908,1.3800927753255694,0.7368599411804178,0.7482642330861531
-0.1919814245748254,1.3431671471789075,-0.009029293447021773,-1.4230464752686987,-0.8286961173543125
-1.2429746248019717,0.3739470584876375,1.3800927753255694,-1.1112189264038594,1.5448018699509722
1.209342842394703,1.4888415092066536,-0.7035903278333173,-0.07560816778852138,0.6745960123356496
-0.8926435580595896,1.0333663372665678,-0.7035903278333173,-1.6604931409180717,0.2187738964419092
1.559673909137085,0.9712119428013961,-1.398151362219613,-0.07846897098911623,-0.036762744286399814
1.209342842394703,1.0557030727774888,-0.009029293447021773,-0.45037338706644753,-0.3314356272884138
0.8590117756523209,0.29431174057913634,1.3800927753255694,-1.2657022992359817,1.4596229897082025
1.559673909137085,-1.5848875295787872,1.3800927753255694,0.46794444032450133,1.5770317165293175
1.209342842394703,0.45746702605021183,-0.009029293447021773,1.489251182936865,0.8242345857351099
-0.8926435580595896,0.6652957825431295,-1.398151362219613,-0.521893467081319,0.9554561039469441
1.209342842394703,-0.9361510373485583,0.6855317409392738,-1.4116032624663193,-0.412010243734277
0.8590117756523209,0.733277151489411,-0.009029293447021773,-0.6506296111080875,1.3928611646530586
0.15834964216755668,-0.6282925522632551,-0.009029293447021773,1.5436064437481674,1.5747295846308642
0.8590117756523209,-1.6004261281950802,0.6855317409392738,1.3462110229071222,1.4204867474344975
-0.1919814245748254,-0.6962739212095366,-0.7035903278333173,1.0658523092488263,-0.4580528817033417
-0.1919814245748254,0.020443939966973808,-0.009029293447021773,0.25338420027988706,-1.0750242304888085
-1.5933056915443538,-0.34762661475646445,1.3800927753255694,1.168841224470241,-0.755027896603809
0.5086807089099388,-1.3770587730858697,-0.009029293447021773,0.46508363712390643,-0.5478360257430178
-1.5933056915443538,-0.11260531068503422,-1.398151362219613,-0.5876919406950006,-1.6643699964928365
-1.5933056915443538,-0.03976812967116121,1.3800927753255694,-0.04700013578257282,0.6976173313201819
1.559673909137085,-1.0507482021437184,1.3800927753255694,-1.237094267230033,-1.1809222978176572
0.5086807089099388,-0.036854642430606294,0.6855317409392738,1.4034270869190193,0.7068258589139949
0.8590117756523209,-1.1352393321198113,1.3800927753255694,0.5995413875518647,0.7229407822031675
-0.5423124913172075,1.3684173699303837,-0.7035903278333173,-0.6391863983057081,-0.16568213059978093
-1.2429746248019717,-0.20195225272871845,-1.398151362219613,0.2991570514894048,-1.1648073745284846
1.559673909137085,-0.21943317617204797,-1.398151362219613,1.2403613044851125,-1.1026498132702474
-0.5423124913172075,-1.138152819360366,1.3800927753255694,-1.0196732239848239,0.3707146017398227
-1.5933056915443538,-1.5606084692408295,1.3800927753255694,1.1144859636589388,1.2155970084721597
-1.5933056915443538,1.68598747915087,1.3800927753255694,-1.6204418961097438,1.6483978053813677
1.559673909137085,-0.06210486518208227,-1.398151362219613,0.433614801917363,-0.4396358265157158
-0.8926435580595896,0.0631750861617793,1.3800927753255694,-0.6162999727009492,-0.7020788629393846
-1.5933056915443538,-0.5331186357384611,-1.398151362219613,-0.5533623022878623,0.2924421171924127
1.559673909137085,-0.5350609605654977,1.3800927753255694,1.2174748788803536,0.32927622756766445
-0.8926435580595896,-0.3379149906212814,1.3800927753255694,-0.08419057739030594,-1.7334339534464336
0.5086807089099388,1.0285105251989761,-1.398151362219613,-0.05272174218376253,-0.8356025130496721
1.559673909137085,0.34092753642801504,0.6855317409392738,0.9685850004286012,0.7298471778985273
-1.5933056915443538,1.2509067178946685,-0.009029293447021773,1.2746909428922508,-1.3489779264047435
-1.2429746248019717,1.3655038826898287,1.3800927753255694,-0.5619447118896469,1.0314264565959008
1.559673909137085,-1.596541478541007,-1.398151362219613,1.6380129493677975,0.4397785586934197
1.209342842394703,-1.0565751766248284,-0.009029293447021773,0.8284056435994532,1.6046572993107562
1.209342842394703,-0.43406006955959375,0.6855317409392738,-0.12138101899803908,-0.34064415488222677
0.5086807089099388,0.5934297639427748,1.3800927753255694,1.566492869352926,1.307682284410289
0.5086807089099388,1.5607075278070084,-1.398151362219613,-0.8079737871408046,-0.08510751415391773
-1.2429746248019717,1.3208304116679865,-1.398151362219613,-0.21292672141707447,-1.7518510086340593
-0.1919814245748254,0.8090278197438389,1.3800927753255694,-0.9939259951794702,0.49042546045939084
-0.8926435580595896,1.0916360820776663,1.3800927753255694,1.111625160458344,-0.4695635411956079
0.15834964216755668,-0.267020134434445,-0.7035903278333173,-1.2113470384246794,0.6078341872805058
-0.5423124913172075,-1.6480130864574771,-1.398151362219613,0.45936203072271675,0.6722938804371964
-1.2429746248019717,1.667535393294022,-0.7035903278333173,-0.5648055150902418,-1.3673949815923692
-0.1919814245748254,-1.008017055948913,-1.398151362219613,-0.4303477646622835,-1.7357360853448867
-0.5423124913172075,-1.0177286800840961,1.3800927753255694,0.9571417876262217,0.6953151994217287
-1.2429746248019717,0.552640942575006,0.6855317409392738,-0.6706552335122514,-0.01143929340341424
-1.5933056915443538,0.11561785649176787,-0.7035903278333173,1.4835295765356753,1.5586146613416916
-0.5423124913172075,-1.6897730702387643,-0.7035903278333173,-1.5489218160948723,0.5686979450068008
0.5086807089099388,-0.6098404664064073,-0.7035903278333173,0.9771674100303858,1.455018725911296
0.8590117756523209,-0.6632543991499141,-1.398151362219613,0.6996694995726846,1.4872485724896414
-0.5423124913172075,-0.16116343136094954,-1.398151362219613,-1.0511420591913674,-0.706683126736291
-0.8926435580595896,-1.0526905269707552,-0.7035903278333173,0.06171038584003172,0.38222526123208883
-1.2429746248019717,0.6944306549486787,-1.398151362219613,0.3649555251030865,0.10827156531615395
0.15834964216755668,1.3868694557872314,0.6855317409392738,-0.9166843087634091,-0.7481215009084492
0.5086807089099388,1.0819244579424832,-0.009029293447021773,0.6682006643661412,-1.0520029115042762
-0.1919814245748254,-1.4023089958373456,-0.009029293447021773,1.2804125492934404,1.653002069178274
-0.1919814245748254,1.1751560496402405,-0.009029293447021773,-1.4116032624663193,1.4780400448958284
-0.5423124913172075,0.6390743973781352,-0.009029293447021773,-1.3629696080562066,-0.36826973766366555
0.8590117756523209,-1.3547220375749485,-0.7035903278333173,0.02451994423229859,0.10366730151924748
-1.5933056915443538,1.0294816876124946,0.6855317409392738,-0.36454929104860184,1.100490413549498
0.15834964216755668,-0.6545139374282494,-0.009029293447021773,0.8598744788059967,-0.16337999870132772
1.559673909137085,-0.3961847354323798,-0.7035903278333173,1.6752033909755306,-1.217756408192909
0.5086807089099388,0.8556436155927176,-1.398151362219613,-1.1741565968169463,-0.10352456934154361
1.209342842394703,-0.7438608794719336,0.6855317409392738,0.6767830739679258,-0.48798059638323377
-0.5423124913172075,0.6643246201296112,0.6855317409392738,-0.5619447118896469,-0.5040955196724064
-0.5423124913172075,-1.3187890282747712,-0.7035903278333173,-1.0425596495895828,-0.7274023138223701
0.8590117756523209,0.42541866640410775,1.3800927753255694,-0.25011716302480763,0.053020399753276326
0.5086807089099388,0.38657216986337545,-1.398151362219613,1.2632477300898712,-1.73803821724334
0.15834964216755668,-0.8322366591020995,-1.398151362219613,1.2375005012845177,0.7781919477660452
0.8590117756523209,1.5131205695446113,-0.7035903278333173,1.6179873269636336,-0.15186933920906154
1.559673909137085,-0.605955816752334,1.3800927753255694,-1.320057560047284,0.03920760836255692
-1.5933056915443538,-1.4430978172051145,1.3800927753255694,-1.6461891249150975,-1.3236544755217579
-0.5423124913172075,-0.2641066471938901,-1.398151362219613,1.1745628308714309,-1.7403403491417933
-0.8926435580595896,1.1469923396482096,-0.009029293447021773,-0.6878200527158206,0.9646646315407571
-0.5423124913172075,0.6313050980699888,1.3800927753255694,-1.4287680816698884,-0.14496294351370184
-0.8926435580595896,0.7070557663244167,-0.7035903278333173,0.32204347709416364,-0.018345689098773942
-0.1919814245748254,-1.3129620537936613,0.6855317409392738,0.8484312660036172,-0.20251624097503268
0.8590117756523209,0.5458428056803778,-0.009029293447021773,1.1144859636589388,1.374444109465433
-1.5933056915443538,-0.13299972136891866,-0.009029293447021773,-1.4745409328794061,-0.6307127740873343
1.209342842394703,1.4276582771550004,1.3800927753255694,1.3176029909011737,0.6953151994217287
1.209342842394703,-0.9934496197461384,-0.7035903278333173,-1.3629696080562066,0.05532253165172956
-0.8926435580595896,-0.2398275868559324,-1.398151362219613,0.3077394610911894,-0.3751761333590253
1.209342842394703,0.02335742720752873,-0.009029293447021773,1.329046203703553,-0.22093329616265855
0.5086807089099388,-0.3544247516510926,1.3800927753255694,0.02451994423229859,0.7989111348521243
-0.1919814245748254,-1.3799722603264246,-0.7035903278333173,-0.2558387694259973,0.25100374302025447
-1.2429746248019717,0.2612922185195139,-0.7035903278333173,0.79121520199172,-0.6882660715486651
0.5086807089099388,-0.4418293688677402,0.6855317409392738,-0.79939137753902,-1.5768889843516136
-0.5423124913172075,-0.2106927144503832,0.6855317409392738,0.26482741308226654,-1.3558843221001031
-1.2429746248019717,1.265474154097443,1.3800927753255694,-1.2657022992359817,0.24409734732489477
0.8590117756523209,1.401436891990006,-0.009029293447021773,-1.3686912144573964,-1.4456674661397793
-0.1919814245748254,-1.1430086314279577,-0.009029293447021773,0.6825046803691155,-1.217756408192909
0.5086807089099388,0.220503397151745,-1.398151362219613,-0.7908089679372354,1.0567499074788864
-1.2429746248019717,-1.2177881372688673,1.3800927753255694,0.09890082744776485,0.2878378533955062
0.8590117756523209,1.6636507436399488,-1.398151362219613,0.9800282132309805,0.23488881973108183
-0.5423124913172075,1.4752452354173973,-0.009029293447021773,-0.7650617391318817,0.8633708280088148
-1.2429746248019717,-0.824467359793953,-1.398151362219613,-1.3629696080562066,0.6354597700619447
0.8590117756523209,1.6956991032860529,1.3800927753255694,-0.8051129839402097,-0.5063976515708596
0.5086807089099388,-0.9225547635593021,-1.398151362219613,0.8083800211952892,1.3836526370592457
0.15834964216755668,0.8682687269684556,-1.398151362219613,-0.27872519503075616,0.9600603677438506
0.8590117756523209,-1.3323853020640275,-0.009029293447021773,-0.5733879246920264,0.8150260581412969
-1.5933056915443538,0.939163583155292,1.3800927753255694,0.06171038584003172,-1.2062457487006428
-0.1919814245748254,1.43348525163611,-0.7035903278333173,0.5051348819322344,-0.3659676057652123
1.209342842394703,0.8886631376523401,-0.009029293447021773,0.10748323704954942,0.1842419179651107
-0.5423124913172075,1.6248042470992166,0.6855317409392738,-0.9481531439699525,-0.19791197717812622
0.8590117756523209,-1.387741559634571,1.3800927753255694,1.3347678101047427,-0.16337999870132772
0.8590117756523209,1.6014963491747771,0.6855317409392738,0.2505233970792922,-1.3812077729830887
0.8590117756523209,-1.6907442326522828,0.6855317409392738,0.971445803629196,0.47200840527176496
-1.5933056915443538,0.5681795411912988,-0.7035903278333173,0.47652684992628586,-1.4871058403119375
0.15834964216755668,1.6384005208884729,-0.7035903278333173,-0.8480250319491326,0.8863921469933471
1.209342842394703,-0.06016254035504565,-0.7035903278333173,-1.2084862352240844,-1.3443736626078369
-1.5933056915443538,1.12951141620488,0.6855317409392738,-0.11279860939625451,-1.5745868524531603
0.8590117756523209,0.0767713599510356,0.6855317409392738,-0.2443955566236179,-1.0888370218795278
0.8590117756523209,-0.6380041763984382,-0.7035903278333173,1.031522670841688,-0.45344861790643526
-1.5933056915443538,-1.1964225641714645,1.3800927753255694,0.48510925952807044,0.8288388495320163
-0.8926435580595896,-0.4107521716351544,1.3800927753255694,-1.1684349904157565,0.15661633518367188
-0.8926435580595896,0.11658901890528618,1.3800927753255694,0.041684763435867724,-0.4442400903126223
0.8590117756523209,0.018501615139937196,-0.7035903278333173,-0.6162999727009492,0.023092685073384276
-0.5423124913172075,1.1712713999861672,-1.398151362219613,-1.3658304112568016,-1.6413486775083042
-0.8926435580595896,-0.9322663876944851,-0.7035903278333173,1.1059035540571542,1.395163296551512
0.15834964216755668,-0.7448320418854519,-0.009029293447021773,-1.7405956305347277,-0.09892030554463714
0.15834964216755668,0.43124564088521755,1.3800927753255694,-0.24725635982421276,0.11287582911306042
-1.5933056915443538,1.4062927040575977,1.3800927753255694,-0.3874357166533607,-0.9691261631599597
0.8590117756523209,1.537399629882569,-0.009029293447021773,-0.5791095310932161,0.04841613595636986
-1.5933056915443538,0.05152113719955963,-0.7035903278333173,-0.5276150734825087,1.6668148605689936
0.15834964216755668,-1.3488950630938388,-0.009029293447021773,-1.5546434224960621,1.680627651959713
1.209342842394703,0.638103234964617,-0.009029293447021773,1.0229402612399034,0.7781919477660452
0.15834964216755668,0.7255078521812646,-0.009029293447021773,-0.20720511501588476,1.3445163947855407
-0.1919814245748254,-1.561579631654348,-1.398151362219613,0.2676882162828614,0.12899075240223307
0.15834964216755668,0.3370428867739418,-1.398151362219613,-0.7650617391318817,1.4504144621143895
0.15834964216755668,-1.12455654557111,-1.398151362219613,0.8827609044107555,1.1396266558232029
1.559673909137085,-0.9312952252809669,-1.398151362219613,-1.036838043188393,-1.6551614688990235
0.8590117756523209,-1.0847388866168592,-1.398151362219613,-0.04413933258197796,0.05532253165172956
0.15834964216755668,1.6384005208884729,0.6855317409392738,-0.16429306700696192,-1.5032207636011101
-1.2429746248019717,-0.4457140185218134,1.3800927753255694,-1.2828671184395508,1.5102698914741737
1.209342842394703,-0.5593400209034554,1.3800927753255694,-1.317196756846689,-0.1817970538889536
0.5086807089099388,0.5429293184398228,0.6855317409392738,0.8169624307970738,0.649272561452664
1.559673909137085,0.3263601002252404,-0.009029293447021773,-0.25869957262659216,0.053020399753276326
0.8590117756523209,1.1722425623996857,1.3800927753255694,1.4148702997213987,-0.029856348591040114
1.209342842394703,1.1586462886104294,0.6855317409392738,-0.8051129839402097,-0.11963949263071626
1.559673909137085,1.3567634209681638,1.3800927753255694,1.2203356820809486,-0.6790575439548522
-0.1919814245748254,1.5034089454094282,-0.7035903278333173,1.6780641941761254,-1.1463903193408587
0.15834964216755668,-1.5062233740838045,1.3800927753255694,-1.4859841456817855,1.551708265646332
-0.8926435580595896,-1.5625507940678662,-1.398151362219613,-1.1255229424068336,-0.6905682034471183
-1.2429746248019717,1.0421067989882324,-1.398151362219613,-0.3902965198539556,-0.08280538225546451
1.209342842394703,1.5034089454094282,-0.7035903278333173,0.16469930106144653,1.2155970084721597
-0.5423124913172075,0.9090575483362245,-0.7035903278333173,0.9628633940274114,-1.6183273585237719
-0.1919814245748254,0.38754333227689375,-0.009029293447021773,-1.1855998096193257,-0.029856348591040114
1.559673909137085,-1.3294718148234725,-0.009029293447021773,1.6752033909755306,-0.6859639396502119
0.15834964216755668,-0.6642255615634325,-0.7035903278333173,0.16469930106144653,-0.5800658723213631
0.5086807089099388,-1.4712615271971454,-0.7035903278333173,1.449199938128537,0.8403495090242825
-0.8926435580595896,0.9284807966065907,-1.398151362219613,0.15897769466025682,-1.3259566074202112
1.209342842394703,-1.5742047430300858,1.3800927753255694,0.21619375867215396,-0.4166145075311835
-0.5423124913172075,1.3878406182007497,0.6855317409392738,-0.2558387694259973,1.100490413549498
-0.8926435580595896,0.22633037163285485,0.6855317409392738,0.9027865268149194,1.1373245239247496
-0.1919814245748254,0.12824296786750586,0.6855317409392738,-0.3531060782462224,-1.3558843221001031
1.559673909137085,1.1032900310398859,1.3800927753255694,1.0601307028476366,-0.412010243734277
1.209342842394703,1.0935784069047028,0.6855317409392738,1.371958251712476,-1.1625052426300313
0.15834964216755668,0.9498463697039934,-0.7035903278333173,-0.9166843087634091,-1.6206294904222251
-0.1919814245748254,1.1780695368807954,-0.7035903278333173,-0.8365818191467531,0.5963235277882396
-0.5423124913172075,-0.3845307864701601,-1.398151362219613,1.1059035540571542,1.13041812822939
1.559673909137085,-1.4217322441077118,-1.398151362219613,-1.437350491271673,0.9347369168608651
-1.2429746248019717,0.09230995856732852,1.3800927753255694,0.9685850004286012,-0.7135895224316507
0.5086807089099388,-1.3294718148234725,-1.398151362219613,0.19902893946858483,0.15661633518367188
0.5086807089099388,-0.9944207821596568,0.6855317409392738,-1.6690755505198562,1.602355167412303
0.15834964216755668,-0.6370330139849198,0.6855317409392738,-1.2142078416252742,1.5540103975447852
1.559673909137085,-0.03102766794949645,-0.7035903278333173,-1.7005443857263998,-1.668974260289743
-0.5423124913172075,1.1984639475646799,0.6855317409392738,0.03310235383408316,1.3537249223793537
0.8590117756523209,0.901288249028078,0.6855317409392738,-0.7908089679372354,0.1911483136604704
0.8590117756523209,-0.450569830589405,1.3800927753255694,-0.19004029581231563,0.8725793556026278
0.15834964216755668,1.6617084188129123,-0.009029293447021773,-1.2943103312419302,-0.1887034495843133
-1.5933056915443538,-0.47970470299495416,-0.7035903278333173,1.3147421877005787,1.4089760879422313
0.5086807089099388,1.4839856971390621,0.6855317409392738,-1.4259072784692934,-0.5340232343522985
-0.5423124913172075,-1.3828857475669794,-1.398151362219613,0.4421972115191476,0.943945444454678
-0.5423124913172075,0.8148547942249488,-0.7035903278333173,1.406287890119614,0.1451056756914057
-0.8926435580595896,1.0867802700100746,0.6855317409392738,1.3605150389100964,-1.6942977111727286
0.8590117756523209,-0.181557842044834,-0.7035903278333173,1.6036833109606592,1.0061030057129154
0.8590117756523209,1.325686223735578,1.3800927753255694,0.613845403554839,-1.1118583408640603
-0.5423124913172075,1.6306312215803265,-0.7035903278333173,-0.2443955566236179,0.13589714809759276
0.15834964216755668,-0.513695387468095,1.3800927753255694,-0.919545111964004,1.0935840178541383
-1.5933056915443538,-1.4372708427240046,-0.009029293447021773,-0.8051129839402097,1.356027054277807
-1.5933056915443538,0.853701290765681,1.3800927753255694,-0.8423034255479429,1.0544477755804333
1.559673909137085,-0.027143018295423222,-1.398151362219613,0.5079956851328293,-1.7564552724309659
-0.5423124913172075,1.3655038826898287,-1.398151362219613,1.2975773684970096,-0.9622197674646
0.8590117756523209,-1.159518392457769,-0.009029293447021773,0.2705490194834562,0.3592039422475565
-0.1919814245748254,0.7662966735490334,-1.398151362219613,0.04740636983705744,-0.6698490163610392
-0.8926435580595896,-0.8545733946130206,0.6855317409392738,0.473666046725691,1.367537713770073
0.15834964216755668,0.31664847609005736,-1.398151362219613,0.39070275390844017,1.4389038026221235
-1.2429746248019717,-1.1197007335035183,1.3800927753255694,-1.7091267953281843,-1.2730075737557867
1.559673909137085,1.594698212280149,0.6855317409392738,-1.574669044900226,-1.217756408192909
1.559673909137085,-1.2255574365770137,-0.009029293447021773,1.6122657205624438,-1.717319030157261
-1.5933056915443538,-1.6800614461035814,1.3800927753255694,0.8770392980095657,-0.17258852629514065
-0.1919814245748254,1.0615300472585987,-0.009029293447021773,0.44505801471974243,1.374444109465433
-0.1919814245748254,-0.9623724225135526,-1.398151362219613,-0.37885330705157616,0.18884618176201715
0.15834964216755668,1.5636210150475633,-0.009029293447021773,0.1532560882590671,-0.9898453502460388
-0.5423124913172075,-1.1284411952251832,-1.398151362219613,0.17900331706442082,1.0268221927989944
-0.5423124913172075,-0.3825884616431235,1.3800927753255694,-1.6032770769061746,-0.7642364241976218
0.8590117756523209,-1.4246457313482666,1.3800927753255694,0.5766549619471059,0.3315783594661177
-0.5423124913172075,-1.2527499841555263,-0.7035903278333173,0.8284056435994532,-1.4410632023428727
0.15834964216755668,1.097463056558776,-1.398151362219613,1.1974492564761896,-1.1602031107315782
0.15834964216755668,-1.6936577198928375,-0.7035903278333173,-0.28158599823135105,-0.8309982492527657
0.5086807089099388,1.271301128578553,1.3800927753255694,0.24766259387869738,0.6745960123356496
0.15834964216755668,1.3402536599383528,0.6855317409392738,1.288994958895225,-1.6045145671330523
-1.2429746248019717,1.2130313837674545,-0.7035903278333173,-0.6878200527158206,-0.11733736073226302
-0.8926435580595896,-0.5253493364303146,-0.009029293447021773,1.6551777685713667,0.011582025581118104
1.209342842394703,-0.8050441115235869,-0.7035903278333173,1.5264416245445982,-0.9276877889878015
0.8590117756523209,-1.410078295145492,-0.7035903278333173,1.406287890119614,-0.6974745991424781
1.209342842394703,-1.257605796223118,0.6855317409392738,-0.7965305743384251,-0.18640131768586005
-1.5933056915443538,1.4684470985227691,1.3800927753255694,-0.23295234382123847,-1.4871058403119375
-1.2429746248019717,0.717738552873118,-0.7035903278333173,-0.33880206224324816,-1.6482550732036638
-0.5423124913172075,-0.27964524581018296,-1.398151362219613,-0.2758643918301613,-0.05057553567711922
0.5086807089099388,0.6128530122131409,-0.009029293447021773,1.3519326293083118,1.5286869466617996
1.209342842394703,1.6617084188129123,1.3800927753255694,0.9199513460184886,0.013884157479571339
0.15834964216755668,1.0994053813858127,0.6855317409392738,0.3964243603096299,1.217899140370613
1.559673909137085,-1.6616093602467334,-1.398151362219613,-0.18431868941112592,0.12668862050377983
-0.1919814245748254,-0.5438014222871624,0.6855317409392738,0.6624790579649515,-0.7780492155883413
-0.8926435580595896,0.04569416271844978,-0.009029293447021773,1.0200794580393087,0.1796376541682042
1.559673909137085,-1.1507779307361041,1.3800927753255694,-1.2800063152389558,1.632282882092195
-0.5423124913172075,-0.10483601137688776,-0.009029293447021773,-0.6134391695003544,0.9577582358453974
-0.1919814245748254,-0.425319607837929,-0.009029293447021773,0.11034404025014427,-0.029856348591040114
1.209342842394703,-1.2818848565610756,-0.7035903278333173,-1.4888449488823803,-1.0220751968243842
-0.8926435580595896,0.524477232582975,-1.398151362219613,-0.5104502542789395,-0.9967517459413985
-1.5933056915443538,1.4791298850714705,-1.398151362219613,0.43075399871676817,0.6078341872805058
-0.8926435580595896,0.2855712788574716,-0.009029293447021773,-0.12710262539922879,0.3476932827552903
-0.8926435580595896,1.6655930684669855,-0.7035903278333173,0.5308821107375882,-0.39359318854665115
1.209342842394703,-0.46319494196514294,-0.009029293447021773,1.2003100596767846,0.9209241254701457
-0.5423124913172075,0.1185313437323228,1.3800927753255694,-1.0854716975985057,0.246399479223348
-0.5423124913172075,-0.1096918234444793,1.3800927753255694,-1.617581092909149,-1.0151688011290243
-1.5933056915443538,-0.6642255615634325,0.6855317409392738,-0.06702575818673681,1.395163296551512
1.209342842394703,1.4286294395685186,0.6855317409392738,0.6996694995726846,-0.8977600743079095
0.15834964216755668,-0.24274107409648732,0.6855317409392738,-1.2428158736312227,-1.0128666692305712
1.209342842394703,0.2913982533385814,0.6855317409392738,-0.41604374865930926,0.5479787579207217
0.15834964216755668,-0.9274105756268936,-1.398151362219613,-0.9710395695747114,-0.28078872552244266
-1.2429746248019717,1.587900075385521,-0.009029293447021773,-1.1941822192211102,1.6092615631076628
-0.8926435580595896,0.6614111328890563,-0.009029293447021773,0.5480469299411573,-1.0335858563166502
-1.5933056915443538,-0.9944207821596568,-0.009029293447021773,-0.6048567598985698,0.4604977457794988
-0.5423124913172075,-0.06113370276856396,-0.009029293447021773,-1.3658304112568016,1.1925756894876274
-1.5933056915443538,-1.4401843299645596,0.6855317409392738,-1.3257791664484735,-0.7020788629393846
0.8590117756523209,-0.4942721391977288,-1.398151362219613,1.3204637941017685,0.6861066718279157
0.5086807089099388,0.3477256733226432,-0.009029293447021773,1.3776798581136656,-0.8356025130496721
-0.8926435580595896,-1.6295610006006294,0.6855317409392738,1.429174315724373,0.1451056756914057
1.209342842394703,-1.6926865574793193,0.6855317409392738,0.8884825108119452,1.079771226463419
1.559673909137085,-1.0420077404220538,-1.398151362219613,0.3106002642917842,1.6483978053813677
-0.5423124913172075,0.14378156648379878,-1.398151362219613,0.951420181225032,-0.17258852629514065
-1.2429746248019717,-0.3340303409672082,-0.7035903278333173,1.326185400502958,-1.4203440152567937
-1.2429746248019717,-0.4224061205973741,0.6855317409392738,-1.6233026993103385,0.7390557054923401
-0.8926435580595896,0.7798929473382897,-1.398151362219613,-1.714848401729374,0.26942079820788034
-0.8926435580595896,-1.457665253407889,1.3800927753255694,1.1860060436738102,-1.070419966691902
-0.8926435580595896,-0.3534535892375743,-0.009029293447021773,0.4708052435250962,0.25100374302025447
0.15834964216755668,-1.5945991537139703,1.3800927753255694,-1.717709204929969,0.8265367176335631
-0.8926435580595896,0.597314413596848,-0.009029293447021773,-0.021252906977219113,-0.9046664700032692
-0.5423124913172075,-0.2378852620288958,1.3800927753255694,-0.7850873615360457,0.8541623004150019
-1.2429746248019717,-1.4819443137458468,-0.009029293447021773,0.027380747432893444,0.7160343865078078
-0.8926435580595896,1.404350379230561,1.3800927753255694,0.5880981747494852,1.6714191243659
0.8590117756523209,-0.4282330950784839,0.6855317409392738,0.7540247603839869,0.6400640338588511
0.15834964216755668,0.27391732989525186,0.6855317409392738,0.5509077331417521,-0.32913349538996056
-0.8926435580595896,-0.9740263714757723,1.3800927753255694,-0.032696119779598534,1.5586146613416916
-1.2429746248019717,0.9828658917636158,-1.398151362219613,-0.6534904143086824,0.5663958131083476
0.8590117756523209,0.08454065925918205,-0.7035903278333173,-0.21006591821647963,1.4573208578097492
-0.8926435580595896,-0.1699038930826143,-0.7035903278333173,-0.8680506543532965,-1.305237420334132
-0.8926435580595896,1.587900075385521,0.6855317409392738,-1.7005443857263998,0.805817530547484
-1.2429746248019717,-0.5865325684819679,-1.398151362219613,0.8741784948089709,-0.6307127740873343
-1.2429746248019717,-0.7069567077582379,1.3800927753255694,1.609404917361849,0.12668862050377983
-0.1919814245748254,-0.2369140996153775,1.3800927753255694,0.7397207443810127,-0.0022307658096013014
-0.1919814245748254,0.2787731419628434,1.3800927753255694,-1.1484093680115925,0.09906303772234101
-0.8926435580595896,0.4361014529528091,-0.7035903278333173,0.02451994423229859,-0.9783346907537727
-0.1919814245748254,0.8488454786980895,-0.7035903278333173,-0.3101940302372996,0.2970463809893192
0.5086807089099388,-1.3838569099804978,1.3800927753255694,-0.2529779662254025,0.766681288273779
-1.2429746248019717,-0.7030720581041647,-0.7035903278333173,-1.1827390064187306,-0.9668240312615065
-0.1919814245748254,-0.507868412986985,-0.009029293447021773,-0.12138101899803908,1.1419287877216562
-0.8926435580595896,-0.07764346379837517,-0.009029293447021773,1.5207200181434084,-0.4925848601801402
-0.8926435580595896,-0.7195818191339759,-1.398151362219613,1.6809249973767204,1.3629334499731667
-1.5933056915443538,-1.1740858286605436,-1.398151362219613,-0.8279994095449685,-0.35906121006985264
0.5086807089099388,-0.6360618515714016,-0.7035903278333173,-0.8337210159461583,0.7068258589139949
0.15834964216755668,-1.0915370235114874,-0.7035903278333173,1.549328050149357,-1.3812077729830887
0.5086807089099388,1.1285402537913618,-0.009029293447021773,-1.016812420784229,1.455018725911296
-1.5933056915443538,-1.2682885827718193,-0.009029293447021773,-0.18431868941112592,-0.8563217001357513
-1.2429746248019717,-0.4913586519571739,-1.398151362219613,0.7082519091744692,-0.676755412056399
-1.5933056915443538,0.34384102366856995,-0.7035903278333173,1.429174315724373,-0.09431604174773067
-0.1919814245748254,-1.1148449214359268,0.6855317409392738,0.6395926323601927,-0.7343087095177299
-0.8926435580595896,1.0615300472585987,-0.7035903278333173,-0.9767611759759011,-1.4594802575304986
0.5086807089099388,0.6060548753185128,-0.009029293447021773,1.0029146388357395,0.39834018452126146
1.209342842394703,-0.8419482832372825,-0.009029293447021773,0.7654679731863664,1.572427452732411
0.8590117756523209,1.6112079733099602,-1.398151362219613,-1.116940532805049,-0.6445255654780537
-0.1919814245748254,0.6293627732429522,-0.7035903278333173,-0.5505014990872675,1.268546042136584
1.209342842394703,1.6189772726181066,-0.009029293447021773,1.2203356820809486,1.091281885955685
-0.8926435580595896,0.5458428056803778,0.6855317409392738,1.4949727893380547,1.4181846155360442
-1.5933056915443538,-0.6622832367363959,-1.398151362219613,0.5051348819322344,1.2340140636597856
0.5086807089099388,1.0867802700100746,0.6855317409392738,0.7139735155756589,1.0498435117835268
1.209342842394703,1.477187560244434,-0.7035903278333173,0.06171038584003172,-1.0381901201135568
-0.8926435580595896,-0.4437716936947768,-0.7035903278333173,-1.0225340271854189,1.4435080664190298
1.209342842394703,-1.274115557252929,0.6855317409392738,0.5623509459441316,0.5456766260222685
1.209342842394703,0.9109998731632611,1.3800927753255694,-1.3658304112568016,-0.9391984484800677
-1.2429746248019717,-0.37481916233497703,-1.398151362219613,-0.581970334293811,-1.572284720554707
1.209342842394703,0.3710335712470825,-1.398151362219613,1.646595358969582,1.3053801525118358
1.559673909137085,0.1515508657919452,-0.009029293447021773,-1.5660866352984415,-0.6583383568687731
0.15834964216755668,0.45746702605021183,0.6855317409392738,-0.5676663182908367,-1.7104126344619013
0.15834964216755668,-0.15242296963928478,0.6855317409392738,-1.59469466730439,-0.5823680042198164
-1.2429746248019717,-0.8128134108317334,-0.009029293447021773,1.6036833109606592,0.3960380526228082
-1.2429746248019717,-0.3379149906212814,-0.009029293447021773,0.8055192179946944,0.610136319178959
-1.2429746248019717,-0.22720247548019443,-0.009029293447021773,-1.5231745872895186,-0.6560362249703199
0.8590117756523209,1.4441680381848114,-1.398151362219613,-0.12710262539922879,-1.314445947927945
-1.5933056915443538,1.5937270498666307,-1.398151362219613,0.9542809844256269,1.160345842909282
-1.5933056915443538,-0.48164702782199076,1.3800927753255694,1.074434718850611,-0.9484069760738806
1.559673909137085,0.8867208128253035,1.3800927753255694,-1.6032770769061746,1.1465330515185626
0.15834964216755668,1.0013179776204637,-0.009029293447021773,-1.320057560047284,1.1120010730417642
-1.2429746248019717,-1.6237340261195194,-0.7035903278333173,1.6637601781731512,0.3407868870599306
0.8590117756523209,0.7954315459545827,0.6855317409392738,-0.32735884944086874,-0.7642364241976218
1.209342842394703,0.8906054624793767,1.3800927753255694,0.37067713150427617,-1.5147314230933762
-0.8926435580595896,1.3810424813061215,-0.7035903278333173,-0.9910651919788753,0.7643791563753257
-0.5423124913172075,-0.7360915801637872,1.3800927753255694,0.09604002424717,-1.3282587393186642
0.5086807089099388,1.19263697308357,0.6855317409392738,-0.6334647919045183,0.8150260581412969
-1.2429746248019717,-0.555455371249382,-0.7035903278333173,1.5521888533499517,1.1833671618938144
0.5086807089099388,0.1496085409649086,-0.7035903278333173,0.26196660988167164,0.6861066718279157
1.209342842394703,-0.9594589352729977,1.3800927753255694,0.07315359864241114,0.4144551078104341
-1.5933056915443538,0.34092753642801504,-0.009029293447021773,-0.7421753135271228,1.376746241363886
-1.5933056915443538,0.6497571839268366,0.6855317409392738,1.3977054805178295,0.8265367176335631
0.15834964216755668,0.9177980100578893,0.6855317409392738,-0.47612061587180127,1.6645127286705403
0.15834964216755668,-1.1167872462629633,-0.7035903278333173,1.0629915060482313,1.2155970084721597
1.209342842394703,0.3933703067580036,1.3800927753255694,0.09317922104657514,-1.0865348899810747
-1.5933056915443538,-1.4013378334238273,-0.009029293447021773,0.7597463667851766,-1.1970372211068299
0.15834964216755668,1.243137418586522,0.6855317409392738,0.5623509459441316,1.3053801525118358
1.209342842394703,-0.1699038930826143,0.6855317409392738,0.38784195070784533,0.6976173313201819
0.15834964216755668,-1.1206718959170365,-0.7035903278333173,1.629430539766013,1.0153115333067282
1.209342842394703,-1.0973639979925973,0.6855317409392738,1.0029146388357395,0.23949308352798832
-1.2429746248019717,0.6526706711673915,0.6855317409392738,0.3449299026989225,1.1120010730417642
0.5086807089099388,0.3690912464200459,-0.009029293447021773,-0.30733322703670474,-0.10352456934154361
-1.2429746248019717,1.5257456809203493,1.3800927753255694,1.5693536725535209,0.5134467794439231
-0.8926435580595896,-1.6742344716224715,-1.398151362219613,0.6310102227584081,1.2731503059334905
1.559673909137085,-0.16116343136094954,-1.398151362219613,-1.1569917776133771,1.572427452732411
-1.2429746248019717,0.20302247370841547,-0.7035903278333173,0.48510925952807044,1.257035382644318
-1.5933056915443538,-1.3887127220480893,-0.7035903278333173,1.0343834740422828,-0.8724366234249239
0.15834964216755668,-1.48000198891881,1.3800927753255694,-0.0155313005760294,1.2086906127768
1.559673909137085,-0.2136062016909381,0.6855317409392738,0.7511639571833921,1.2017842170814403
0.8590117756523209,0.46814981259891325,-0.009029293447021773,-1.4688193264782163,-1.1463903193408587
-0.1919814245748254,-0.8555445570265389,0.6855317409392738,1.472086363733296,-0.40740597993737054
0.15834964216755668,1.1469923396482096,1.3800927753255694,1.549328050149357,-0.08510751415391773
1.209342842394703,-0.8866217542591247,1.3800927753255694,1.1631196180690513,-0.6053893232043487
-1.5933056915443538,0.5895451142887016,-1.398151362219613,1.1488156020660771,1.1718565024015482
-1.2429746248019717,0.9673272931473229,0.6855317409392738,-1.7005443857263998,1.2225034041675193
1.559673909137085,1.3373401726977978,-1.398151362219613,0.11320484345073913,-0.1702863943966874
-0.1919814245748254,0.02335742720752873,0.6855317409392738,-0.5161718606801292,-0.5616488171337373
-0.1919814245748254,-0.8943910535672711,-1.398151362219613,-1.059724468793152,1.2455247231520516
1.559673909137085,0.7760082976842164,-0.7035903278333173,-0.6763768399134412,-1.7518510086340593
0.5086807089099388,-0.20389457755575505,1.3800927753255694,0.8598744788059967,-0.706683126736291
0.15834964216755668,0.6682092697836844,-0.009029293447021773,1.6408737525683923,-0.36826973766366555
1.209342842394703,1.3101476251192852,-0.009029293447021773,1.2575261236886817,1.1925756894876274
-0.1919814245748254,-0.3796749744025686,-0.7035903278333173,0.4050067699114145,-1.5768889843516136
-0.5423124913172075,1.2295411447972657,-1.398151362219613,-0.5533623022878623,-1.27530970565424
1.559673909137085,0.14572389131083538,-0.009029293447021773,0.7568855635845818,-1.6045145671330523
-0.5423124913172075,-0.34471312751590955,1.3800927753255694,-0.5247542702819138,0.12208435670687336
-0.5423124913172075,0.07968484719159052,1.3800927753255694,0.43933640831855275,-1.4111354876629807
0.8590117756523209,-1.6849172581711729,-0.7035903278333173,1.6637601781731512,-1.3996248281707147
0.8590117756523209,-1.387741559634571,-0.7035903278333173,-1.1855998096193257,1.464227253505109
0.15834964216755668,-0.6865622970743535,0.6855317409392738,-0.2529779662254025,1.6576063329751807
0.5086807089099388,-1.6052819402626717,-0.009029293447021773,1.629430539766013,1.2547332507458646
1.209342842394703,-1.173114666247025,0.6855317409392738,0.027380747432893444,-1.139483923645499
-0.1919814245748254,0.5137944460342736,0.6855317409392738,-1.3114751504454993,0.45819561388104557
-0.5423124913172075,-0.7623129653287815,-0.7035903278333173,1.4320351189249678,1.1419287877216562
0.8590117756523209,-0.862342693921167,-1.398151362219613,1.1373723892636978,-0.6974745991424781
0.8590117756523209,-0.36316521337275737,-0.7035903278333173,-1.3000319376431198,-0.3613633419683059
-1.2429746248019717,-0.17670202997724246,1.3800927753255694,0.5251605043363984,0.5203531751392829
-0.5423124913172075,1.2868397271948457,0.6855317409392738,-1.5975554705049848,-0.4004995842420108
-1.2429746248019717,1.1974927851511616,-0.009029293447021773,0.03596315703467801,-1.04049225201201
0.8590117756523209,-0.09026857517411316,1.3800927753255694,-1.5517826192954671,-0.6145978507981616
0.15834964216755668,0.5176790956883469,1.3800927753255694,0.7540247603839869,-0.30841430830388145
-0.1919814245748254,0.2671191930006237,-0.7035903278333173,0.9285337556202732,0.34308901895838384
0.8590117756523209,1.5898424002125575,1.3800927753255694,0.08745761464538543,0.32467196377075797
0.5086807089099388,-0.43114658231903885,-0.7035903278333173,1.111625160458344,-1.1509945831377653
-1.5933056915443538,0.7041422790838617,-1.398151362219613,0.633871025959003,1.1189074687371239
-0.5423124913172075,1.0323951748530495,1.3800927753255694,1.088738734853585,1.1258138644324835
0.15834964216755668,0.40502425572022327,1.3800927753255694,0.38784195070784533,-0.17258852629514065
-1.5933056915443538,-1.3488950630938388,-0.7035903278333173,0.1675601042620414,-0.14726507541215506
0.15834964216755668,1.5432266043636789,-0.7035903278333173,1.2861341556946302,0.20726323694964302
0.5086807089099388,-0.3971558978458981,-0.009029293447021773,-0.8766330639550811,-1.560774061062441
0.8590117756523209,1.44513920059833,1.3800927753255694,0.27340982268405106,-1.5930039076407863
-0.5423124913172075,0.6487860215133183,1.3800927753255694,-0.2958900142343253,0.3016506447862256
-1.5933056915443538,1.4888415092066536,-0.009029293447021773,0.2448017906781025,1.551708265646332
1.559673909137085,-0.6632543991499141,-0.009029293447021773,1.231778894883328,0.8035153986490308
1.559673909137085,-0.22040433858556627,1.3800927753255694,0.7568855635845818,1.1120010730417642
1.559673909137085,1.2382816065189304,1.3800927753255694,-0.9767611759759011,1.1050946773464043
0.15834964216755668,0.3098503391954292,-0.7035903278333173,-0.539058286284888,0.7735876839691387
-0.1919814245748254,1.0411356365747142,0.6855317409392738,-1.0740284847961261,0.3914337888259018
1.559673909137085,1.4237736275009272,-0.009029293447021773,1.4434783317273472,-0.46265714550024817
-0.8926435580595896,0.40405309330670497,-1.398151362219613,-0.879493867155676,-0.6928703353455716
-1.2429746248019717,-1.2954811303503317,-1.398151362219613,-1.1140797296044542,1.0866776221587786
1.559673909137085,-1.1235853831575915,0.6855317409392738,-1.5460610128942776,0.0852502463316216
-1.5933056915443538,-1.5246754599406522,0.6855317409392738,-1.1455485648109975,-0.016043557200320708
1.559673909137085,-1.4848578009864017,-1.398151362219613,0.27340982268405106,-0.34064415488222677
-0.5423124913172075,0.999375652793427,-0.7035903278333173,-1.1712957936163513,1.2708481740350372
-0.8926435580595896,-1.159518392457769,1.3800927753255694,0.433614801917363,0.08755237823007483
0.8590117756523209,-0.339857315448318,-0.7035903278333173,-0.9939259951794702,-0.9967517459413985
-0.5423124913172075,0.6342185853105436,-1.398151362219613,-1.6061378801067694,-1.6528593370005704
-1.2429746248019717,1.3907541054413046,-0.7035903278333173,-0.03555692298019339,0.3615060741460097
0.8590117756523209,0.2632345433465505,-1.398151362219613,-1.4259072784692934,-0.3958953204451044
0.5086807089099388,-1.6713209843819166,1.3800927753255694,-1.5603650288972517,-0.7573300285022622
0.15834964216755668,0.9731542676284327,-0.009029293447021773,-1.0253948303860136,1.5816359803262239
1.209342842394703,-0.25536618547222534,-0.7035903278333173,1.6752033909755306,0.057624663550182795
-0.1919814245748254,0.5652660539507439,0.6855317409392738,1.3576542357095016,1.4573208578097492
-1.5933056915443538,-0.8885640790861613,-0.7035903278333173,1.3061597780987941,-0.49488699207859344
0.15834964216755668,0.1204736685593594,-1.398151362219613,1.3061597780987941,0.7689834201722322
1.559673909137085,-0.4903874895436555,-0.009029293447021773,-0.859468244751512,0.7551706287815128
0.15834964216755668,1.486899184379617,-0.7035903278333173,-0.7879481647366405,0.6561789571480238
0.15834964216755668,1.0760974834613732,0.6855317409392738,0.3964243603096299,0.3315783594661177
-1.5933056915443538,-1.1517490931496224,-0.7035903278333173,1.6580385717719615,-1.0635135709965424
-1.5933056915443538,-1.1041621348872255,-0.7035903278333173,0.47938765312688075,0.9301326530639586
0.8590117756523209,0.8595282652467908,-0.7035903278333173,-0.012670497375434542,0.35690181034910323
-0.5423124913172075,-1.6334456502547026,0.6855317409392738,1.1945884532755948,0.5295617027330959
-0.1919814245748254,-1.2983946175908867,-1.398151362219613,-0.5762487278926213,0.6745960123356496
-0.8926435580595896,1.5645921774610816,-1.398151362219613,1.071573915650016,-0.0022307658096013014
-0.8926435580595896,1.3810424813061215,0.6855317409392738,0.49655247233044986,0.9945923462206492
0.8590117756523209,-0.7224953063745309,-1.398151362219613,-1.4487937040740524,0.3108591723800386
1.559673909137085,0.8177682814655036,1.3800927753255694,-1.2828671184395508,-1.5860975119454266
-0.8926435580595896,0.5477851305074144,-0.009029293447021773,0.3964243603096299,-1.512429291194923
-0.8926435580595896,1.37618666923853,-1.398151362219613,1.489251182936865,-0.814883325963593
-1.5933056915443538,-0.9060450025294908,1.3800927753255694,0.018798337831108874,-1.5262420825856424
-0.1919814245748254,-0.5573976960764188,0.6855317409392738,-0.9710395695747114,0.5341659665300023
-0.8926435580595896,0.8197106062925402,-0.7035903278333173,0.050267173037652296,-1.167109506426938
-1.5933056915443538,0.7381329635570025,0.6855317409392738,-0.939570734368168,-1.3006331565372256
-0.1919814245748254,1.366475045103347,0.6855317409392738,-1.734874024133538,0.9278305211655054
0.15834964216755668,1.1557328013698744,1.3800927753255694,-0.622021579102139,1.1396266558232029
0.5086807089099388,0.8420473418034613,1.3800927753255694,1.489251182936865,0.15661633518367188
-0.8926435580595896,-0.9109008145970824,-0.009029293447021773,0.1532560882590671,0.5157489113423764
-1.2429746248019717,-0.08347043827948501,-0.7035903278333173,1.1545372084672667,-0.5938786637120825
0.15834964216755668,0.34384102366856995,-0.7035903278333173,-0.7622009359312869,-1.7495488767356062
-1.2429746248019717,-1.4343573554834497,1.3800927753255694,-0.7908089679372354,1.3606313180747134
-0.8926435580595896,-1.6577247105926602,-0.009029293447021773,1.4949727893380547,-0.20712050477193916
-0.1919814245748254,1.0226835507178664,-1.398151362219613,0.6052629939530544,1.2248055360659726
-0.5423124913172075,-1.3382122765451374,-1.398151362219613,0.26482741308226654,0.3315783594661177
0.15834964216755668,0.1185313437323228,-1.398151362219613,-0.1328242318004185,1.3537249223793537
-1.2429746248019717,0.5419581560263045,1.3800927753255694,0.3163218706929739,1.2892652292226632
0.15834964216755668,-0.2825587330507379,1.3800927753255694,1.1259291764613182,-0.14035867971679536
-1.5933056915443538,-0.6574274246688043,-1.398151362219613,-0.4675382062700167,-1.247684122872801
1.559673909137085,1.2596471796163333,-0.7035903278333173,1.2603869268892764,-1.2707054418573334
-0.8926435580595896,-0.8361213087561727,0.6855317409392738,1.449199938128537,1.337609999090181
-0.5423124913172075,-1.6557823857656238,-0.7035903278333173,-1.6118594865079592,-1.1118583408640603
0.15834964216755668,-1.2527499841555263,-1.398151362219613,0.8741784948089709,1.3606313180747134
-1.2429746248019717,0.1330987799350974,1.3800927753255694,-1.6719363537204512,1.5885423760215835
-1.2429746248019717,0.8099989821573572,-1.398151362219613,0.1532560882590671,-0.4051038480389173
0.15834964216755668,-0.827380847034508,-0.009029293447021773,-1.557504225696657,-1.6275358861175848
0.8590117756523209,1.2169160334215277,1.3800927753255694,0.39356355710903507,-0.7780492155883413
0.8590117756523209,-1.0604598262789016,-0.7035903278333173,-0.662072823910467,-1.7495488767356062
1.209342842394703,-0.9516896359648512,-0.7035903278333173,0.26482741308226654,-0.11273309693535655
0.15834964216755668,-1.6489842488709956,-1.398151362219613,1.0000538356351445,-0.5478360257430178
-0.8926435580595896,0.8459319914575345,-0.009029293447021773,-1.2513982832330073,0.23488881973108183
1.559673909137085,-0.46125261713810634,-0.009029293447021773,0.8255448403988583,1.542499738052519
-0.8926435580595896,-0.01646023174672185,-0.009029293447021773,-1.039698846388988,1.3260993395979148
-0.8926435580595896,-0.43697355680014865,1.3800927753255694,-1.3057535440443095,-0.88394728291719
-1.5933056915443538,0.8906054624793767,-0.009029293447021773,-1.079750091197316,-1.6781827878835558
0.5086807089099388,-0.10386484896336946,1.3800927753255694,1.3376286133053377,-1.521637818788736
1.559673909137085,0.024328589621047034,-0.7035903278333173,-1.5060097680859494,-0.706683126736291
0.15834964216755668,0.1777722509569395,0.6855317409392738,-0.9567355535717371,0.757472760679966
1.209342842394703,-1.583916367165269,0.6855317409392738,1.2603869268892764,0.1520120713867654
-1.5933056915443538,1.6121791357234785,-1.398151362219613,1.2832733524940354,1.3537249223793537
-0.5423124913172075,1.373273181997975,-1.398151362219613,-0.04127852938138311,0.9232262573685989
0.5086807089099388,-0.5515707215953088,1.3800927753255694,-0.679237643114036,-0.28539298931934914
0.5086807089099388,0.5477851305074144,-1.398151362219613,-1.320057560047284,0.44208069059187294
1.209342842394703,-1.5042810492567678,-0.009029293447021773,0.7425815475816075,-0.04136700808330628
0.8590117756523209,0.41279355502836973,-1.398151362219613,-0.719288887922364,-1.5101271592964698
-1.5933056915443538,1.4762163978309157,0.6855317409392738,0.5795157651477006,-1.5953060395392396
1.209342842394703,0.8430185042169797,1.3800927753255694,0.433614801917363,0.8633708280088148
1.559673909137085,1.2994648385705838,0.6855317409392738,0.9399769684226525,1.3284014714963681
-0.8926435580595896,0.49728468500446243,-1.398151362219613,1.371958251712476,-0.018345689098773942
0.5086807089099388,1.4402833885307382,1.3800927753255694,-0.8480250319491326,-0.5915765318136293
-1.2429746248019717,1.5713903143557097,-0.7035903278333173,-1.714848401729374,-0.6468276973765069
-1.5933056915443538,-0.9866514828515103,1.3800927753255694,1.4377567253261576,0.20956536884809626
-0.8926435580595896,-0.17573086756372416,1.3800927753255694,-0.8880762767574606,-0.736610841416183
0.5086807089099388,-0.04947975380634428,1.3800927753255694,-0.879493867155676,1.1050946773464043
0.8590117756523209,-0.0038351203709838604,-1.398151362219613,-1.0683068783949365,-1.1970372211068299
-0.5423124913172075,1.3305420358031697,0.6855317409392738,-0.7307321007247435,0.15661633518367188
0.5086807089099388,0.47494794949354135,-0.009029293447021773,-0.622021579102139,0.09445877392543454
-0.8926435580595896,-0.8788524549509783,-1.398151362219613,1.5550496565505467,-0.9921474821444921
1.209342842394703,-0.10386484896336946,-1.398151362219613,-1.2513982832330073,-0.09431604174773067
0.5086807089099388,0.6507283463403549,0.6855317409392738,0.473666046725691,0.43747642679496646
0.15834964216755668,0.6847190308134956,-0.009029293447021773,0.2448017906781025,-0.23704821945183122
-0.5423124913172075,1.246050905827077,1.3800927753255694,-0.879493867155676,0.4743105371702182
1.559673909137085,0.021415102380492115,0.6855317409392738,0.6167062067554339,0.09906303772234101
1.209342842394703,1.2013774348052348,-0.7035903278333173,-0.22723073742004876,1.4435080664190298
1.209342842394703,1.6257754095127348,1.3800927753255694,-0.5276150734825087,-0.10352456934154361
-0.8926435580595896,0.10979088201065804,1.3800927753255694,0.23049777467512825,1.659908464873634
1.559673909137085,-0.646744638120103,-0.009029293447021773,0.6767830739679258,-1.7311318215479803
0.8590117756523209,1.5257456809203493,-1.398151362219613,-0.2529779662254025,-1.238475595278988
-1.5933056915443538,1.2013774348052348,0.6855317409392738,-0.9653179631735217,0.17042912657439127
-0.8926435580595896,0.9741254300419511,-0.7035903278333173,-0.9081018991616245,0.6216469786712252
0.5086807089099388,0.6584976456485013,-0.7035903278333173,-0.361688487848007,1.4135803517391379
1.209342842394703,0.06705973581585253,-1.398151362219613,-0.9910651919788753,1.2938694930195695
-1.5933056915443538,-0.027143018295423222,0.6855317409392738,-0.17573627980934134,1.079771226463419
1.209342842394703,0.8274799056006867,-0.009029293447021773,0.6024021907524596,0.835745245227376
-1.2429746248019717,-0.01646023174672185,-1.398151362219613,-0.07274736458792652,0.2187738964419092
0.5086807089099388,1.6772470174292051,0.6855317409392738,-1.3686912144573964,0.07604171873780867
1.559673909137085,0.3545238102172713,-1.398151362219613,-0.7364537071259332,0.8472559047196422
1.559673909137085,0.11270436925121295,0.6855317409392738,0.1418128754566877,-1.6643699964928365
-0.1919814245748254,-0.2942126820129576,1.3800927753255694,0.6281494195578132,-1.551565533468628
0.15834964216755668,0.21564758508415346,1.3800927753255694,-0.6735160367128463,0.02539481697183751
0.15834964216755668,-1.010930543189468,-0.009029293447021773,1.3862622677154501,-0.34755055057758644
1.559673909137085,1.4820433723120254,-0.009029293447021773,-0.24153475342302305,0.9669667634392104
-0.1919814245748254,-1.0546328517977919,-1.398151362219613,-0.9595963567723319,0.7735876839691387
1.559673909137085,1.5257456809203493,-1.398151362219613,-0.3101940302372996,0.053020399753276326
-0.8926435580595896,1.2441085810000403,1.3800927753255694,1.0000538356351445,-1.3581864539985564
-0.8926435580595896,-1.1226142207440732,-1.398151362219613,0.010215928229324307,-1.3696971134908225
-1.2429746248019717,-1.248865334501453,0.6855317409392738,0.3277650834953533,0.6561789571480238
-0.1919814245748254,0.061232761334742696,1.3800927753255694,-0.7021240687187948,0.053020399753276326
0.15834964216755668,-1.058517501451865,-1.398151362219613,-0.7107064783205794,1.494154968185001
1.209342842394703,-1.1876821024497999,-0.009029293447021773,-0.4303477646622835,-0.7343087095177299
0.5086807089099388,-0.30392430614814064,0.6855317409392738,1.4778079701344855,0.4996339880532038
-1.5933056915443538,-1.2245862741634954,0.6855317409392738,0.01593753463051402,1.4342995388252169
1.209342842394703,0.3351005619469052,-1.398151362219613,-1.4659585232776216,0.26481653441097386
-0.8926435580595896,-1.0157863552570594,-0.009029293447021773,-0.1785970830099362,-1.708110502563448
-1.2429746248019717,-0.5719651322791933,-0.7035903278333173,1.008636245236929,-1.4894079722103908
0.5086807089099388,0.9508175321175116,-0.7035903278333173,1.3547934325089068,-1.2799139694511463
-0.1919814245748254,-1.375116448258833,0.6855317409392738,0.453640424321527,0.2786293258016933
0.5086807089099388,1.3509364464870541,-0.009029293447021773,-1.3915776400621553,0.6170427148743187
-1.5933056915443538,-0.5049549257464302,0.6855317409392738,0.7568855635845818,0.9485497082515845
-0.1919814245748254,-0.29906849408054914,-0.7035903278333173,-0.17001467340815163,-1.7357360853448867
-1.2429746248019717,-0.023258368641349995,-1.398151362219613,-0.301611620635515,1.4573208578097492
-1.2429746248019717,0.6215934739348057,0.6855317409392738,1.2603869268892764,1.05214564368198
-0.1919814245748254,-0.5981865174441876,-0.7035903278333173,-0.08419057739030594,-0.3659676057652123
-0.1919814245748254,-0.6457734757065846,-1.398151362219613,1.5550496565505467,0.17733552226975097
1.209342842394703,1.12951141620488,0.6855317409392738,-0.3130548334378945,-0.4603550136017949
0.15834964216755668,-0.7001585708636098,-0.7035903278333173,1.666620981373746,0.9370390487593183
-0.8926435580595896,-0.16504808101502277,-0.009029293447021773,-0.3559668814468173,0.4535913500841391
1.559673909137085,-1.2440095224338616,1.3800927753255694,1.1402331924642926,-0.08280538225546451
-0.8926435580595896,-0.7496878539530435,-1.398151362219613,-1.6318851089121231,-0.5869722680167229
-0.1919814245748254,-0.6457734757065846,-0.009029293447021773,0.7826327923899354,1.238618327456692
-0.8926435580595896,-0.18835597893946215,0.6855317409392738,1.6008225077600644,-1.385812036779995
0.8590117756523209,-1.5217619727000973,1.3800927753255694,1.566492869352926,0.6953151994217287
-1.5933056915443538,1.1722425623996857,-1.398151362219613,1.0687131124494211,-0.9207813932924418
0.5086807089099388,0.6274204484159155,-0.009029293447021773,0.03882396023527287,-0.15186933920906154
1.209342842394703,1.613150298136997,1.3800927753255694,0.3763987379054659,0.47200840527176496
-1.2429746248019717,0.9818947293500975,1.3800927753255694,0.6224278131566235,0.6907109356248222
1.209342842394703,-0.5049549257464302,-0.009029293447021773,-0.47612061587180127,-1.7426424810402465
0.15834964216755668,-1.5606084692408295,-0.009029293447021773,-1.4030208528645347,0.5594894174129879
1.559673909137085,-0.6292637146767734,1.3800927753255694,0.013076731429919164,1.5309890785602527
0.5086807089099388,-0.10580717379040606,-0.7035903278333173,-1.6662147473192614,-0.5409296300476581
-1.5933056915443538,1.50243778299591,-0.7035903278333173,-0.9939259951794702,-0.6813596758533055
-1.5933056915443538,-1.1449509562549942,0.6855317409392738,0.911368936416704,-0.5040955196724064
0.15834964216755668,-1.30227926724496,-0.7035903278333173,-1.0139516175836343,-0.04366913998175952
1.559673909137085,-0.006748607611538781,0.6855317409392738,-1.4030208528645347,-0.8171854578620462
-0.8926435580595896,-1.3411257637856924,0.6855317409392738,-1.5489218160948723,0.6400640338588511
0.8590117756523209,-1.6013972906085985,-1.398151362219613,-0.3531060782462224,-1.73803821724334
-1.5933056915443538,0.09328112098084682,-0.009029293447021773,-1.6490499281156923,-1.2591947823650673
-1.2429746248019717,-0.18641365411242553,-0.7035903278333173,-0.6906808559164155,-0.032158480489493345
-0.1919814245748254,1.4237736275009272,-1.398151362219613,-1.5002881616847599,-0.6813596758533055
-0.1919814245748254,-1.5227331351136155,-0.7035903278333173,1.5779360821553055,-1.6275358861175848
1.559673909137085,-1.0070458935353948,-0.7035903278333173,-1.016812420784229,-1.1440881874424056
0.8590117756523209,-0.5505995591817906,-1.398151362219613,0.32204347709416364,-0.09431604174773067
0.8590117756523209,0.16611830199471983,-0.7035903278333173,-0.8308602127455634,0.7505663649846064
-0.1919814245748254,0.7225943649407096,1.3800927753255694,-1.159852580813972,0.6515746933511173
-1.5933056915443538,-0.011604419679130314,0.6855317409392738,0.45650122752212186,0.5848128682959735
-0.5423124913172075,-1.5062233740838045,0.6855317409392738,-1.4716801296788111,-1.0888370218795278
-1.2429746248019717,-0.63120603950381,1.3800927753255694,-1.3400831824514479,0.501936119951657
-0.1919814245748254,-1.6140224019843366,-0.7035903278333173,0.9571417876262217,0.11517796101151365
1.559673909137085,0.5273907198235299,-1.398151362219613,0.27627062588464596,-1.4065312238660743
0.5086807089099388,-0.30003965649406744,0.6855317409392738,0.44791881792033733,-0.45575074980488844
-0.1919814245748254,-0.5311763109114245,-1.398151362219613,-1.6433283217145025,-1.0727220985903552
1.209342842394703,1.1984639475646799,-0.009029293447021773,-0.6878200527158206,-0.34755055057758644
-1.2429746248019717,-1.327529489996436,-0.009029293447021773,1.0801563252518005,0.39834018452126146
-0.8926435580595896,0.670151594610721,-1.398151362219613,-0.14426744460279792,-0.48798059638323377
-1.5933056915443538,-0.12911507171484543,-1.398151362219613,-1.2256510544276535,0.06913532304244896
-0.5423124913172075,-1.583916367165269,1.3800927753255694,-0.919545111964004,1.4066739560437782
1.559673909137085,-0.5768209443467849,-0.7035903278333173,-1.514592177687734,-0.32913349538996056
-0.1919814245748254,-1.6004261281950802,-1.398151362219613,-0.9338491279669783,1.5609167932401449
1.559673909137085,0.2175899099111901,-1.398151362219613,-1.0225340271854189,0.03460334456565045
-0.8926435580595896,-0.5777921067603031,-0.009029293447021773,-0.3044724238361099,0.37762099743518235
-1.2429746248019717,-0.15922110653391294,-0.7035903278333173,0.7969368083929098,0.35459967845065005
0.5086807089099388,1.5529382284988618,0.6855317409392738,-0.12710262539922879,-1.482501576515031
-0.1919814245748254,-0.4020117099134896,0.6855317409392738,1.3090205812993891,-1.1164626046609667
-0.1919814245748254,0.10396390752954819,-0.009029293447021773,0.6796438771685207,-0.9737304269568662
-0.1919814245748254,-0.1961252782476086,-0.009029293447021773,-1.4430720976728626,-0.7688406879945283
-0.8926435580595896,0.8721533766225288,-0.7035903278333173,-0.009809694174839687,-0.2830908574208959
0.15834964216755668,-0.7642552901558181,-1.398151362219613,0.593819781150675,-1.2062457487006428
-1.5933056915443538,0.6886036804675688,-1.398151362219613,-0.7936697711378303,0.48351906476403117
-0.1919814245748254,-0.824467359793953,-1.398151362219613,-0.37599250385098126,0.036905476464103686
-0.5423124913172075,-0.9429491742431865,-0.7035903278333173,-0.9767611759759011,-1.708110502563448
1.559673909137085,-1.3964820213562357,-0.7035903278333173,-1.1684349904157565,-0.35445694627294616
0.15834964216755668,1.6024675115882956,-0.009029293447021773,-0.22150913101885905,-1.0566071753011825
-0.8926435580595896,-1.2663462579447826,-1.398151362219613,0.8541528724048069,-0.4258230351249964
-1.5933056915443538,1.613150298136997,-0.7035903278333173,-0.341662865443843,0.6400640338588511
0.5086807089099388,-0.09221090000114977,-0.7035903278333173,-0.6935416591170104,1.415882483637591
-0.1919814245748254,0.8070854949168023,0.6855317409392738,-0.7679225423324766,-0.559346685235284
1.209342842394703,-0.43600239438663035,1.3800927753255694,1.4778079701344855,-0.6928703353455716
-1.2429746248019717,-1.1682588541794336,0.6855317409392738,-0.9595963567723319,0.9646646315407571
-1.2429746248019717,-0.4466851809353317,-0.7035903278333173,1.2575261236886817,1.5586146613416916
1.209342842394703,0.4934000353503892,0.6855317409392738,0.7425815475816075,-0.8609259639326577
-1.2429746248019717,1.1683579127456123,-0.009029293447021773,1.108764357257749,-0.5386274981492049
-0.1919814245748254,-1.0254979793922425,-1.398151362219613,-1.036838043188393,-0.7435172371115427
1.559673909137085,-0.8739966428833867,-0.009029293447021773,-0.032696119779598534,0.016186289378024573
-1.2429746248019717,1.3324843606302061,0.6855317409392738,-0.12138101899803908,0.3868295250289953
1.209342842394703,1.4218313026738905,-0.7035903278333173,0.493691669129855,-1.3443736626078369
-0.8926435580595896,1.1722425623996857,0.6855317409392738,0.7025303027732795,-1.5285442144840957
-1.2429746248019717,-0.9215836011457837,-0.009029293447021773,0.14467367865728256,1.4089760879422313
0.5086807089099388,1.43348525163611,0.6855317409392738,0.8255448403988583,-0.28078872552244266
-0.8926435580595896,0.2787731419628434,-0.7035903278333173,0.04740636983705744,-0.1817970538889536
0.8590117756523209,-1.3051927544855149,1.3800927753255694,0.06457118904062657,-1.3121438160294916
0.8590117756523209,-1.0692002880005664,-1.398151362219613,1.1230683732607234,-0.6698490163610392
-0.8926435580595896,0.6390743973781352,1.3800927753255694,-1.1855998096193257,-0.7895598750806074
1.209342842394703,0.8692398893819739,-0.009029293447021773,1.369097448511881,-0.7826534793852478
-1.5933056915443538,0.26906151782766036,1.3800927753255694,-0.46467740306942185,-1.5768889843516136
-0.8926435580595896,-1.089594698684451,-0.009029293447021773,-1.3715520176579912,1.227107667964426
0.8590117756523209,1.5539093909123802,-0.7035903278333173,-0.5733879246920264,-0.7043809948378378
0.5086807089099388,0.11756018131880448,1.3800927753255694,-1.4802625392805957,-0.5616488171337373
1.559673909137085,-1.274115557252929,-0.009029293447021773,1.3176029909011737,-0.9760325588553195
0.5086807089099388,0.8692398893819739,0.6855317409392738,1.0858779316529903,1.5885423760215835
-0.5423124913172075,1.2450797434135585,-0.009029293447021773,-0.17001467340815163,-1.5584719291639877
-1.2429746248019717,1.3810424813061215,0.6855317409392738,1.5178592149428136,1.5609167932401449
-1.2429746248019717,-0.8574868818535755,0.6855317409392738,-0.38457491345276584,-1.5883996438438797
0.5086807089099388,0.9459617200499202,-0.7035903278333173,1.3032989748981993,-1.6206294904222251
-0.8926435580595896,1.0061737896880552,-1.398151362219613,-1.297171134442525,-1.4663866532258583
-1.5933056915443538,1.6840451543238333,-1.398151362219613,0.9199513460184886,1.4020696922468716
1.559673909137085,-0.6224655777821453,0.6855317409392738,1.071573915650016,-0.05517979947402569
0.8590117756523209,0.5565255922290792,-1.398151362219613,1.108764357257749,-1.6137230947268653
0.8590117756523209,0.18457038785156765,-0.009029293447021773,1.3547934325089068,0.041509740261010154
0.15834964216755668,1.344138309592426,-0.009029293447021773,-1.0053692079818497,-1.6528593370005704
-1.2429746248019717,0.09910809546195666,-0.7035903278333173,0.971445803629196,1.524082682864893
1.209342842394703,0.7361906387299659,0.6855317409392738,0.1475344818578774,0.9761752910330233
1.209342842394703,-1.3634624992966133,-0.009029293447021773,-0.7650617391318817,1.0107072695098218
-0.1919814245748254,-0.985680320437992,0.6855317409392738,0.11892644985192885,-1.001356009738305
-0.1919814245748254,-0.915756626664674,0.6855317409392738,-1.6891011729240204,1.6368871458891014
-0.1919814245748254,1.5801307760773744,1.3800927753255694,-0.7679225423324766,0.33388049136457093
-1.2429746248019717,-1.4935982627080664,1.3800927753255694,-1.0768892879967211,1.6483978053813677
-1.2429746248019717,0.7488157501057039,0.6855317409392738,0.9170905428178937,0.11748009290996689
1.559673909137085,-0.87788129253746,0.6855317409392738,-1.3887168368615603,0.2118675007465495
0.8590117756523209,-0.7526013411935983,-0.7035903278333173,0.19044652986680025,-0.9645218993630532
0.8590117756523209,0.4477554019150288,1.3800927753255694,0.14467367865728256,0.9876859505252895
1.209342842394703,-0.605955816752334,0.6855317409392738,-1.0625852719937467,-0.28999725311625557
0.5086807089099388,1.4674759361092509,1.3800927753255694,-1.6204418961097438,-0.824091853557406
1.209342842394703,-1.0759984248951946,1.3800927753255694,0.21619375867215396,-0.5086997834693129
-1.5933056915443538,-1.1507779307361041,-0.009029293447021773,-1.6261635025109336,-1.3420715307093838
-1.5933056915443538,-1.2935388055232953,1.3800927753255694,0.8484312660036172,0.1911483136604704
0.5086807089099388,-0.8506887449589473,-0.009029293447021773,-0.08705138059090081,1.2340140636597856
1.559673909137085,-0.9565454480324428,-0.009029293447021773,1.0372442772428776,1.6714191243659
-1.2429746248019717,-0.9011891904618993,-0.009029293447021773,1.1001819476559644,-1.0635135709965424
1.559673909137085,1.6150926229640334,1.3800927753255694,0.6739222707673309,-0.16568213059978093
-0.8926435580595896,1.3577345833816823,-0.009029293447021773,0.5251605043363984,0.4743105371702182
1.209342842394703,1.6189772726181066,1.3800927753255694,-0.321637243039679,1.6460956734829144
1.209342842394703,-0.10192252413633285,0.6855317409392738,1.68664660377791,0.8956006745871601
-1.2429746248019717,-0.8905064039131979,0.6855317409392738,0.9857498196321702,1.0498435117835268
1.559673909137085,1.176127212053759,-1.398151362219613,0.27340982268405106,-1.0957434175748877
0.8590117756523209,1.5189475440257212,1.3800927753255694,-1.0311164367872034,-0.8586238320342044
0.8590117756523209,1.461648961628141,-0.7035903278333173,1.6523169653707719,-1.6850891835789157
-0.5423124913172075,-1.0662868007600115,1.3800927753255694,1.6580385717719615,-0.23474608755337797
1.559673909137085,-0.5748786195197483,-1.398151362219613,-0.21578752461766934,-1.5976081714376926
-1.5933056915443538,1.6685065557075405,-0.7035903278333173,0.6510358451625721,0.48582119666248436
1.559673909137085,0.9750965924554693,-1.398151362219613,-1.674797156921046,0.28093145770014655
1.209342842394703,-0.7729957518774828,0.6855317409392738,1.6237089333648231,0.7643791563753257
0.15834964216755668,-1.6285898381871111,-1.398151362219613,0.6052629939530544,0.2924421171924127
-0.8926435580595896,1.4276582771550004,0.6855317409392738,1.211753272479164,-0.6974745991424781
-1.2429746248019717,-0.6943315963825,-1.398151362219613,0.23621938107631796,-0.7964662707759671
0.8590117756523209,-0.10192252413633285,-1.398151362219613,-0.9309883247663834,0.06683319114399573
1.559673909137085,-1.558666144413793,0.6855317409392738,-0.6534904143086824,0.9692688953376636
0.15834964216755668,1.3072341378787302,-0.009029293447021773,-0.9681787663741165,1.190273557589174
1.559673909137085,0.8459319914575345,-1.398151362219613,1.1974492564761896,-0.9553133717692404
-0.5423124913172075,-0.31752057993739696,-0.7035903278333173,-0.08705138059090081,0.9393411806577715
-0.8926435580595896,0.0194727775534555,0.6855317409392738,-1.7091267953281843,0.24179521542644153
-1.2429746248019717,-0.5156377122951316,-0.009029293447021773,0.010215928229324307,-0.5731594766260034
-1.2429746248019717,-0.8060152739371053,1.3800927753255694,0.030241550633488302,0.9738731591345701
-1.2429746248019717,1.5189475440257212,-0.7035903278333173,0.433614801917363,0.011582025581118104
-0.1919814245748254,0.022386264794010423,-1.398151362219613,-1.1140797296044542,-1.5193356868902828
1.209342842394703,-1.2702309075988558,-1.398151362219613,-0.14998905100398766,1.5747295846308642
0.8590117756523209,0.8274799056006867,1.3800927753255694,-1.2742847088377662,1.4458101983174831
-0.8926435580595896,-0.7652264525693364,-0.009029293447021773,-0.10993780619565965,0.727545046000074
1.559673909137085,-1.457665253407889,0.6855317409392738,-0.42462615826109384,-0.06438832706783863
-1.5933056915443538,-1.1517490931496224,1.3800927753255694,0.33348668989654306,0.013884157479571339
-0.1919814245748254,0.07774252236455391,-1.398151362219613,-0.939570734368168,0.8127239262428436
1.559673909137085,-0.13979785826354682,1.3800927753255694,-1.0711676815955313,-0.9345941846831612
0.8590117756523209,0.9595579938391764,0.6855317409392738,-0.7450361167277177,-1.680484919782009
0.5086807089099388,-1.1002774852331523,-0.009029293447021773,0.9399769684226525,-1.4940122360072972
-1.5933056915443538,1.0100584393421284,-0.7035903278333173,-0.7622009359312869,0.5640936812098943
-0.5423124913172075,-1.178941640728135,-0.7035903278333173,-0.06416495498614196,-0.7412151052130895
-0.5423124913172075,0.21273409784359854,-1.398151362219613,-0.7507577231289074,1.1557415791123755
0.8590117756523209,1.5587652029799717,-1.398151362219613,-1.40016004966394,1.4826443086927348
-0.1919814245748254,-0.656456262255286,0.6855317409392738,1.58651849175709,0.3661103379429162
-0.5423124913172075,1.616063785377552,-0.7035903278333173,-0.6506296111080875,-0.6099935870012552
0.8590117756523209,-1.5169061606325058,1.3800927753255694,-1.7005443857263998,-0.1357544159198889
0.15834964216755668,-0.6457734757065846,-0.7035903278333173,0.19902893946858483,-1.5377527420779087
-0.1919814245748254,-0.6982162460365732,-0.009029293447021773,0.13609126905549798,-0.8586238320342044
-1.2429746248019717,-0.03491231760356968,0.6855317409392738,-0.6649336271110617,0.3131613042784918
0.5086807089099388,1.2363392816918939,1.3800927753255694,0.8741784948089709,1.641491409686008
0.5086807089099388,-1.3984243461832724,-1.398151362219613,-0.21578752461766934,0.5272595708346426
-0.1919814245748254,0.41570704226892463,1.3800927753255694,1.0229402612399034,-1.3236544755217579
0.15834964216755668,0.3758893833146741,0.6855317409392738,-1.5546434224960621,0.3753188655367291
-0.8926435580595896,-1.1973937265849828,-1.398151362219613,0.8655960852071863,-0.42121877132808994
0.8590117756523209,1.6743335301886502,-0.7035903278333173,1.2003100596767846,0.49042546045939084
-1.2429746248019717,-1.4809731513323285,-1.398151362219613,0.7769111859887458,-0.4833763325863273
1.559673909137085,1.3800713188926033,0.6855317409392738,1.0772955220512057,1.3928611646530586
1.209342842394703,-1.3255871651693993,-0.7035903278333173,-1.0053692079818497,1.512572023372627
0.5086807089099388,-0.9079873273565274,-0.009029293447021773,-1.7377348273341329,-0.5777637404229099
0.5086807089099388,0.5176790956883469,-0.009029293447021773,-1.5689474384990363,-1.708110502563448
